"Dataset","Preprocessing","Var_Selection","ncomp","R2_CV","RMSECV","RPD_CV"
"Dataset 1 with Ref 1","Raw","None",5,0.108561060360006,1.6020541353743,1.15500906145344
"Dataset 1 with Ref 1","Raw","VIP",3,0.112461446704303,1.5985454934332,1.15754418682335
"Dataset 1 with Ref 1","Raw","SR",1,-0.0125249964336924,1.70739601575604,1.0837480152353
"Dataset 1 with Ref 1","Raw","sMC",3,0.0684390200322122,1.63771011517257,1.12986237683541
"Dataset 1 with Ref 1","Raw","UVE",4,0.034344536367655,1.66741033069084,1.10973706305971
"Dataset 1 with Ref 1","Raw","GA",7,0.110938717126351,1.59991619971704,1.15655247670067
"Dataset 1 with Ref 1","SNV","None",8,0.262118644445772,1.45755400574817,1.26951525363649
"Dataset 1 with Ref 1","SNV","VIP",7,0.374004187087387,1.34250867612118,1.37830546365068
"Dataset 1 with Ref 1","SNV","SR",8,0.315434990723204,1.40390827969671,1.31802559330729
"Dataset 1 with Ref 1","SNV","sMC",5,0.4634857558694,1.24285943981584,1.48881440975373
"Dataset 1 with Ref 1","SNV","UVE",1,0.394403438218244,1.32045342471491,1.40132700530181
"Dataset 1 with Ref 1","SNV","GA",7,0.392383517753278,1.3226537266125,1.39899582639468
"Dataset 1 with Ref 1","1st_Der","None",2,0.130947531294285,1.58181025099429,1.1697907774546
"Dataset 1 with Ref 1","1st_Der","VIP",2,0.127638936597019,1.58481846824153,1.16757034346615
"Dataset 1 with Ref 1","1st_Der","SR",2,0.116912413352009,1.59453213788282,1.16045766612968
"Dataset 1 with Ref 1","1st_Der","sMC",2,0.121222655632664,1.59063601997818,1.16330010137809
"Dataset 1 with Ref 1","1st_Der","UVE",1,0.11481473819422,1.59642483038293,1.15908184844031
"Dataset 1 with Ref 1","1st_Der","GA",2,0.138470164072824,1.57494919209644,1.17488681703642
"Dataset 1 with Ref 1","2nd_Der","None",2,0.107157366092512,1.60331496746429,1.15410077298956
"Dataset 1 with Ref 1","2nd_Der","VIP",6,0.108777970190055,1.60185921320053,1.15514960868451
"Dataset 1 with Ref 1","2nd_Der","SR",2,0.11204532031155,1.59892019209587,1.15727292234065
"Dataset 1 with Ref 1","2nd_Der","sMC",2,0.107519913288713,1.60298941380887,1.15433516114093
"Dataset 1 with Ref 1","2nd_Der","UVE",2,0.0389123391809385,1.66346201260794,1.11237108468457
"Dataset 1 with Ref 1","2nd_Der","GA",1,0.137088298524861,1.57621176939273,1.17394570909032
"Dataset 1 with Ref 1","EMSC","None",11,0.350827646950446,1.36713497789152,1.35347794710808
"Dataset 1 with Ref 1","EMSC","VIP",6,0.341058886058255,1.37738290877876,1.34340787264224
"Dataset 1 with Ref 1","EMSC","SR",1,0.244840904691103,1.47451982361185,1.25490821735019
"Dataset 1 with Ref 1","EMSC","sMC",6,0.503192628854428,1.19598408992253,1.5471669388312
"Dataset 1 with Ref 1","EMSC","UVE",11,-0.366157161520646,1.98326943308036,0.93299831703769
"Dataset 1 with Ref 1","EMSC","GA",8,0.273968967480213,1.4458025250205,1.27983387169007
"Dataset 1 with Ref 1","RNV","None",3,0.0816536114533806,1.62605281692337,1.13796244749132
"Dataset 1 with Ref 1","RNV","VIP",2,0.11288309531151,1.59816573271709,1.15781924578646
"Dataset 1 with Ref 1","RNV","SR",9,0.061030133404661,1.64420973197398,1.1253959925628
"Dataset 1 with Ref 1","RNV","sMC",3,0.0957919063467239,1.61348741363342,1.14682459104492
"Dataset 1 with Ref 1","RNV","UVE",2,0.099344054356444,1.61031503214617,1.1490838788421
"Dataset 1 with Ref 1","RNV","GA",3,0.0948621622219367,1.61431672771934,1.14623543913247
"Dataset 1 with Ref 2","Raw","None",3,0.0299164816018799,1.69815766948961,1.08603502807732
"Dataset 1 with Ref 2","Raw","VIP",3,1.1353206903375e-05,1.72413386617175,1.06967257499491
"Dataset 1 with Ref 2","Raw","SR",3,-0.0204082936268146,1.7416482099872,1.0589157452626
"Dataset 1 with Ref 2","Raw","sMC",2,0.0615797909909823,1.67021401567717,1.10420502699239
"Dataset 1 with Ref 2","Raw","UVE",1,-0.10112020440861,1.80921764062658,1.01936807979893
"Dataset 1 with Ref 2","Raw","GA",5,-0.239483901694332,1.91952553207095,0.96078884153946
"Dataset 1 with Ref 2","SNV","None",2,0.188071874340352,1.55357506015287,1.18710628122622
"Dataset 1 with Ref 2","SNV","VIP",2,0.214685499433874,1.52790114438652,1.20705368867589
"Dataset 1 with Ref 2","SNV","SR",3,0.0941708488675932,1.64095470825522,1.12389373270686
"Dataset 1 with Ref 2","SNV","sMC",5,0.26892356507043,1.47419468316784,1.2510279227848
"Dataset 1 with Ref 2","SNV","UVE",4,0.270994637475198,1.47210507311948,1.25280372029136
"Dataset 1 with Ref 2","SNV","GA",2,0.240914963639769,1.50216854266292,1.22773088364273
"Dataset 1 with Ref 2","1st_Der","None",2,0.0857750692555643,1.64854185508177,1.11872119387129
"Dataset 1 with Ref 2","1st_Der","VIP",1,-0.0633495413689389,1.77791695636366,1.03731431643236
"Dataset 1 with Ref 2","1st_Der","SR",1,0.00895210579386119,1.71640894588861,1.0744867746591
"Dataset 1 with Ref 2","1st_Der","sMC",1,-0.0348564968098131,1.75393507486363,1.05149770860661
"Dataset 1 with Ref 2","1st_Der","UVE",1,0.104654150363643,1.63143156297217,1.13045423058014
"Dataset 1 with Ref 2","1st_Der","GA",1,0.0793845647721774,1.65429354029703,1.11483159870934
"Dataset 1 with Ref 2","2nd_Der","None",1,0.0386248384088781,1.69051837841728,1.09094271663022
"Dataset 1 with Ref 2","2nd_Der","VIP",1,0.0355865772823097,1.6931875677356,1.08922292332344
"Dataset 1 with Ref 2","2nd_Der","SR",1,-0.0825496236103358,1.79389638437911,1.02807426801419
"Dataset 1 with Ref 2","2nd_Der","sMC",2,0.0848147677253079,1.6494074417169,1.1181341041751
"Dataset 1 with Ref 2","2nd_Der","UVE",2,-0.0760582287770746,1.78850984188655,1.0311705695276
"Dataset 1 with Ref 2","2nd_Der","GA",2,0.12230282823031,1.61527249274447,1.14176321366702
"Dataset 1 with Ref 2","EMSC","None",6,0.0418224448210364,1.68770464087633,1.09276153397685
"Dataset 1 with Ref 2","EMSC","VIP",3,0.225300570726192,1.5175397157366,1.21529518676794
"Dataset 1 with Ref 2","EMSC","SR",1,0.171219281804763,1.56961545810676,1.174974865811
"Dataset 1 with Ref 2","EMSC","sMC",3,0.241176164343077,1.50191007278129,1.22794216890003
"Dataset 1 with Ref 2","EMSC","UVE",1,-0.0823799273154975,1.7937557767368,1.02815485596313
"Dataset 1 with Ref 2","EMSC","GA",4,0.216701922751568,1.52593831566554,1.20860633312002
"Dataset 1 with Ref 2","RNV","None",3,0.0155801839803752,1.71065968897279,1.07809795493065
"Dataset 1 with Ref 2","RNV","VIP",2,0.0914994486220169,1.64337261431694,1.12224013969615
"Dataset 1 with Ref 2","RNV","SR",3,0.018202960555572,1.70837932518684,1.07953701211068
"Dataset 1 with Ref 2","RNV","sMC",2,-0.00253533610148615,1.72632791172296,1.06831309378715
"Dataset 1 with Ref 2","RNV","UVE",3,0.0569619960774634,1.67431838213282,1.10149821679349
"Dataset 1 with Ref 2","RNV","GA",3,0.01527273139404,1.71092680350961,1.07792963935146
"Dataset 1 with Ref 3","Raw","None",3,0.159166017116857,0.158272945220459,1.33466207026046
"Dataset 1 with Ref 3","Raw","VIP",3,0.209213888146045,0.153490348752217,1.3762487247662
"Dataset 1 with Ref 3","Raw","SR",2,0.0494210211002035,0.168285097693442,1.25525610781631
"Dataset 1 with Ref 3","Raw","sMC",2,0.194883223511539,0.154874884069087,1.36394547123553
"Dataset 1 with Ref 3","Raw","UVE",1,0.00151080714251794,0.172473843085105,1.22477062582715
"Dataset 1 with Ref 3","Raw","GA",4,0.198288805772413,0.154546982506962,1.36683934754043
"Dataset 1 with Ref 3","SNV","None",8,0.459416780498832,0.126906198922047,1.66454356468367
"Dataset 1 with Ref 3","SNV","VIP",8,0.455731554379699,0.127338032238264,1.65889870466117
"Dataset 1 with Ref 3","SNV","SR",5,0.48150970099559,0.124285903481411,1.69963681171415
"Dataset 1 with Ref 3","SNV","sMC",10,0.436487261834868,0.129569691580471,1.63032646105331
"Dataset 1 with Ref 3","SNV","UVE",3,0.512663178499836,0.120494207424974,1.75312076197263
"Dataset 1 with Ref 3","SNV","GA",8,0.543511565269737,0.116618230037931,1.81138829379807
"Dataset 1 with Ref 3","1st_Der","None",2,0.19231432149549,0.155121768468446,1.36177468075428
"Dataset 1 with Ref 3","1st_Der","VIP",2,0.161168860187699,0.15808433196738,1.33625447952519
"Dataset 1 with Ref 3","1st_Der","SR",4,0.0737178729347797,0.166120488021714,1.27161254610898
"Dataset 1 with Ref 3","1st_Der","sMC",2,0.173780992588963,0.15689140313479,1.34641473346169
"Dataset 1 with Ref 3","1st_Der","UVE",1,0.20511551669224,0.153887578489044,1.3726962163434
"Dataset 1 with Ref 3","1st_Der","GA",2,0.197885983811042,0.154585803906109,1.36649609082125
"Dataset 1 with Ref 3","2nd_Der","None",3,0.111162000164321,0.162728215846713,1.29812089215765
"Dataset 1 with Ref 3","2nd_Der","VIP",3,0.175066256523216,0.156769325730609,1.34746319632166
"Dataset 1 with Ref 3","2nd_Der","SR",1,0.163434921326923,0.157870659032465,1.3380630576244
"Dataset 1 with Ref 3","2nd_Der","sMC",2,0.184840793766355,0.155837787975703,1.35551780783165
"Dataset 1 with Ref 3","2nd_Der","UVE",4,0.084747423524441,0.165128500134909,1.27925159231493
"Dataset 1 with Ref 3","2nd_Der","GA",1,0.171596545907151,0.157098669410608,1.34463835706997
"Dataset 1 with Ref 3","EMSC","None",9,0.397197286989154,0.134010601123897,1.57629989689292
"Dataset 1 with Ref 3","EMSC","VIP",8,0.378030635139847,0.13612442339838,1.55182215990692
"Dataset 1 with Ref 3","EMSC","SR",1,0.312296406657997,0.143137096348654,1.47579420096393
"Dataset 1 with Ref 3","EMSC","sMC",9,0.463244310525886,0.126456129324119,1.67046783626223
"Dataset 1 with Ref 3","EMSC","UVE",2,0.446251542256529,0.128442225226145,1.64463747309136
"Dataset 1 with Ref 3","EMSC","GA",9,0.511237990893922,0.120670267877867,1.75056292199467
"Dataset 1 with Ref 3","RNV","None",3,0.220142248394762,0.152426070155062,1.38585805249236
"Dataset 1 with Ref 3","RNV","VIP",2,0.201345349212065,0.154252094105205,1.36945237573296
"Dataset 1 with Ref 3","RNV","SR",2,0.0228640931621535,0.170619648321745,1.23808071820552
"Dataset 1 with Ref 3","RNV","sMC",3,0.200221574262536,0.154360578857846,1.3684899233806
"Dataset 1 with Ref 3","RNV","UVE",2,0.192376808529647,0.155115767813124,1.361827361024
"Dataset 1 with Ref 3","RNV","GA",3,0.187332059046181,0.155599472350746,1.35759391431603
"Dataset 1 with Ref 4","Raw","None",4,0.146834263855235,0.138079584909541,1.32468997023317
"Dataset 1 with Ref 4","Raw","VIP",3,0.209313875293328,0.132927497538721,1.37603313543421
"Dataset 1 with Ref 4","Raw","SR",1,0.0365647477149246,0.14673172954645,1.24657864927384
"Dataset 1 with Ref 4","Raw","sMC",2,0.194377528043017,0.134177147847336,1.36321753859117
"Dataset 1 with Ref 4","Raw","UVE",7,-0.0169908956613798,0.150754853355595,1.21331179164217
"Dataset 1 with Ref 4","Raw","GA",4,0.200824393122418,0.133639203892104,1.36870496004531
"Dataset 1 with Ref 4","SNV","None",10,0.471295067574967,0.108697473845238,1.6827680971138
"Dataset 1 with Ref 4","SNV","VIP",9,0.439109208141595,0.111957173389474,1.63377330532735
"Dataset 1 with Ref 4","SNV","SR",5,0.470675881706089,0.108761105033127,1.68178358585007
"Dataset 1 with Ref 4","SNV","sMC",8,0.450099047945271,0.110854928417047,1.65001812581118
"Dataset 1 with Ref 4","SNV","UVE",2,0.49927928731173,0.105781701508732,1.7291520046927
"Dataset 1 with Ref 4","SNV","GA",9,0.496200937138048,0.106106367693458,1.72386111408568
"Dataset 1 with Ref 4","1st_Der","None",2,0.192308391443952,0.134349345632837,1.36147028005265
"Dataset 1 with Ref 4","1st_Der","VIP",2,0.161172646940037,0.136914379323888,1.33596370320553
"Dataset 1 with Ref 4","1st_Der","SR",2,0.16221805312219,0.136829036517109,1.33679696853495
"Dataset 1 with Ref 4","1st_Der","sMC",2,0.173056677181217,0.135941057015681,1.34552904942124
"Dataset 1 with Ref 4","1st_Der","UVE",1,0.203752315004829,0.133394173769977,1.37121911740344
"Dataset 1 with Ref 4","1st_Der","GA",2,0.168133038785849,0.136345154401246,1.34154119394181
"Dataset 1 with Ref 4","2nd_Der","None",1,0.131249295461969,0.139335042680045,1.31275404740537
"Dataset 1 with Ref 4","2nd_Der","VIP",2,0.168153785455637,0.136343454174128,1.34155792319906
"Dataset 1 with Ref 4","2nd_Der","SR",1,0.161427301195026,0.136893595264027,1.33616653774667
"Dataset 1 with Ref 4","2nd_Der","sMC",3,0.168415204327061,0.136322028607697,1.3417687742163
"Dataset 1 with Ref 4","2nd_Der","UVE",2,0.138631420395602,0.138741786695407,1.3183673468556
"Dataset 1 with Ref 4","2nd_Der","GA",3,0.155587725716302,0.137369411856933,1.33153835887517
"Dataset 1 with Ref 4","EMSC","None",6,0.295863752854467,0.125441465956116,1.45815133639795
"Dataset 1 with Ref 4","EMSC","VIP",8,0.380337586130036,0.117676663771418,1.55436630646607
"Dataset 1 with Ref 4","EMSC","SR",1,0.310056026592332,0.124170858220029,1.47307221553958
"Dataset 1 with Ref 4","EMSC","sMC",7,0.524281565814404,0.103106907319364,1.77400957878675
"Dataset 1 with Ref 4","EMSC","UVE",3,0.413746018803861,0.114460508919519,1.59804148129588
"Dataset 1 with Ref 4","EMSC","GA",10,0.477569460789437,0.108050566484313,1.69284296394858
"Dataset 1 with Ref 4","RNV","None",3,0.220130877420616,0.132015107251319,1.385543253587
"Dataset 1 with Ref 4","RNV","VIP",2,0.201339253196534,0.133596149164711,1.36914605972748
"Dataset 1 with Ref 4","RNV","SR",8,0.073839022807321,0.143865284643264,1.27141611457684
"Dataset 1 with Ref 4","RNV","sMC",3,0.200554143780034,0.13366179770874,1.36847359798504
"Dataset 1 with Ref 4","RNV","UVE",3,0.193854556227717,0.134220691495149,1.36277528588235
"Dataset 1 with Ref 4","RNV","GA",5,0.0342684813656223,0.146906486805405,1.24509574220449
"Dataset 2 with Ref 1","Raw","None",2,0.12076160821881,1.59105322603431,1.1629950607676
"Dataset 2 with Ref 1","Raw","VIP",3,0.115720426882061,1.59560792007039,1.15967526860523
"Dataset 2 with Ref 1","Raw","SR",1,0.00181894039099062,1.69525896347766,1.09150701052798
"Dataset 2 with Ref 1","Raw","sMC",2,0.139620340072504,1.5738975316169,1.17567186308204
"Dataset 2 with Ref 1","Raw","UVE",2,0.12772409333233,1.58474111422714,1.16762733463798
"Dataset 2 with Ref 1","Raw","GA",2,0.128859773437025,1.58370913275658,1.16838818759321
"Dataset 2 with Ref 1","SNV","None",3,0.39681952534317,1.31781675278025,1.40413076354693
"Dataset 2 with Ref 1","SNV","VIP",2,0.385151474589986,1.33050176430576,1.39074377271628
"Dataset 2 with Ref 1","SNV","SR",3,0.42163568412782,1.29042310893138,1.4339382412553
"Dataset 2 with Ref 1","SNV","sMC",2,0.430400943856454,1.28060743037033,1.44492917924204
"Dataset 2 with Ref 1","SNV","UVE",3,0.421143131556803,1.29097247369667,1.43332803835679
"Dataset 2 with Ref 1","SNV","GA",5,0.393360503234402,1.32158995252128,1.40012190601644
"Dataset 2 with Ref 1","1st_Der","None",2,0.13944159603454,1.57406101188232,1.1755497590805
"Dataset 2 with Ref 1","1st_Der","VIP",2,0.114832511045692,1.59640880370183,1.15909348470486
"Dataset 2 with Ref 1","1st_Der","SR",2,0.0943667845638253,1.61475842124881,1.14592190320657
"Dataset 2 with Ref 1","1st_Der","sMC",2,0.0988012493249204,1.61080020933705,1.14873777180463
"Dataset 2 with Ref 1","1st_Der","UVE",1,0.0875813658485176,1.62079638727621,1.14165299097556
"Dataset 2 with Ref 1","1st_Der","GA",2,-0.0608710602702185,1.74768310566204,1.05876576668933
"Dataset 2 with Ref 1","2nd_Der","None",2,0.0870471371237899,1.62127081274677,1.1413189139952
"Dataset 2 with Ref 1","2nd_Der","VIP",2,0.114183005584853,1.59699439123887,1.15866846712018
"Dataset 2 with Ref 1","2nd_Der","SR",1,0.0769034097701439,1.63025282051597,1.13503072652905
"Dataset 2 with Ref 1","2nd_Der","sMC",2,0.11846424047797,1.59313050667145,1.16147863313616
"Dataset 2 with Ref 1","2nd_Der","UVE",2,0.0814475530088155,1.62623523345227,1.13783480103807
"Dataset 2 with Ref 1","2nd_Der","GA",2,0.100740409726267,1.60906625104256,1.14997567197581
"Dataset 2 with Ref 1","EMSC","None",1,-0.0356030140700345,1.72674433454035,1.07160452551236
"Dataset 2 with Ref 1","EMSC","VIP",1,-0.00486576202574418,1.70092596750931,1.08787041802049
"Dataset 2 with Ref 1","EMSC","SR",1,-0.0361310771795891,1.72718451951587,1.07133141965337
"Dataset 2 with Ref 1","EMSC","sMC",3,-0.740372343710361,2.23847616032208,0.826627987420705
"Dataset 2 with Ref 1","EMSC","UVE",1,-0.0100438989729799,1.70530282584426,1.0850782718783
"Dataset 2 with Ref 1","EMSC","GA",1,-0.00994565207443743,1.70521988648477,1.08513104847185
"Dataset 2 with Ref 1","RNV","None",2,0.0873259750417789,1.62102320615064,1.14149324715115
"Dataset 2 with Ref 1","RNV","VIP",2,0.0812664790454701,1.62639551518105,1.13772266710308
"Dataset 2 with Ref 1","RNV","SR",1,0.0283489054532615,1.67257868912309,1.10630791563319
"Dataset 2 with Ref 1","RNV","sMC",2,0.110918974430382,1.59993396366895,1.15653963558157
"Dataset 2 with Ref 1","RNV","UVE",2,0.112927039940203,1.59812614849256,1.15784792398376
"Dataset 2 with Ref 1","RNV","GA",2,0.12099445939869,1.5908425305299,1.16314909099137
"Dataset 2 with Ref 2","Raw","None",3,0.0395720999095627,1.68968532296818,1.09148057759309
"Dataset 2 with Ref 2","Raw","VIP",2,0.0579763636729563,1.6734176595431,1.10209110185165
"Dataset 2 with Ref 2","Raw","SR",1,-0.0389799848071566,1.75742596470477,1.04940905011249
"Dataset 2 with Ref 2","Raw","sMC",1,-0.10383708981394,1.81144828204589,1.01811281643709
"Dataset 2 with Ref 2","Raw","UVE",3,-0.00903663756872963,1.73191636383633,1.06486592007174
"Dataset 2 with Ref 2","Raw","GA",1,-0.0186314534774703,1.74013118056305,1.05983889770145
"Dataset 2 with Ref 2","SNV","None",2,0.292394128115998,1.45033778611466,1.27160633193216
"Dataset 2 with Ref 2","SNV","VIP",3,0.201783162686933,1.54040134823894,1.19725856795199
"Dataset 2 with Ref 2","SNV","SR",8,0.219009030960977,1.52368942661187,1.21039017535537
"Dataset 2 with Ref 2","SNV","sMC",3,0.3196502223878,1.42213089538513,1.29682768178974
"Dataset 2 with Ref 2","SNV","UVE",1,0.259641190150051,1.48352398489312,1.24316069780074
"Dataset 2 with Ref 2","SNV","GA",1,0.31888222559563,1.42293333844581,1.29609635422433
"Dataset 2 with Ref 2","1st_Der","None",1,0.0524632643040919,1.67830727095701,1.09888024927177
"Dataset 2 with Ref 2","1st_Der","VIP",1,-0.0114609537247199,1.73399567083508,1.06358899464592
"Dataset 2 with Ref 2","1st_Der","SR",1,0.040106003529422,1.68921560810518,1.09178408215906
"Dataset 2 with Ref 2","1st_Der","sMC",1,0.0422606985300713,1.68731863339322,1.09301152477351
"Dataset 2 with Ref 2","1st_Der","UVE",2,0.0650763723494867,1.66709947842941,1.106267943891
"Dataset 2 with Ref 2","1st_Der","GA",1,0.0267853869475859,1.70089599499242,1.08428658641888
"Dataset 2 with Ref 2","2nd_Der","None",1,0.0757710420701352,1.65753700798307,1.11265009672876
"Dataset 2 with Ref 2","2nd_Der","VIP",1,0.0751483838694961,1.65809525993526,1.11227548671473
"Dataset 2 with Ref 2","2nd_Der","SR",3,-0.0633223755673835,1.77789424565292,1.03732756702105
"Dataset 2 with Ref 2","2nd_Der","sMC",1,0.0793803516380831,1.65429732567379,1.11482904774249
"Dataset 2 with Ref 2","2nd_Der","UVE",1,0.0270316257134042,1.70068080451913,1.08442378332443
"Dataset 2 with Ref 2","2nd_Der","GA",1,0.0441590994797523,1.68564552872338,1.09409640451549
"Dataset 2 with Ref 2","EMSC","None",1,-0.00539139891240481,1.72878517891924,1.06679461089365
"Dataset 2 with Ref 2","EMSC","VIP",4,-0.396379602688836,2.03739481241311,0.905204382099857
"Dataset 2 with Ref 2","EMSC","SR",1,-0.0156526002890001,1.73758492571579,1.06139198433949
"Dataset 2 with Ref 2","EMSC","sMC",1,-0.0197254668012832,1.74106538292468,1.05927022060817
"Dataset 2 with Ref 2","EMSC","UVE",1,-0.015032592040626,1.73705448772501,1.06171609773696
"Dataset 2 with Ref 2","EMSC","GA",1,-0.0362407188407807,1.75510771293204,1.05079517266942
"Dataset 2 with Ref 2","RNV","None",1,-0.000625534069186084,1.72468282447278,1.06933210332609
"Dataset 2 with Ref 2","RNV","VIP",4,-0.093131704180565,1.80264286132728,1.02308602099139
"Dataset 2 with Ref 2","RNV","SR",1,-0.0376165912580406,1.75627250177552,1.05009826800761
"Dataset 2 with Ref 2","RNV","sMC",1,-0.0170298302230294,1.73876261347697,1.06067308899398
"Dataset 2 with Ref 2","RNV","UVE",3,0.0525789522840904,1.67820481271056,1.09894733842713
"Dataset 2 with Ref 2","RNV","GA",2,0.109543241266343,1.62697119958139,1.13355338603313
"Dataset 2 with Ref 3","Raw","None",5,0.0982290138420491,0.163907824171515,1.28877860347358
"Dataset 2 with Ref 3","Raw","VIP",6,0.0268600112837085,0.170270423310198,1.24062002447319
"Dataset 2 with Ref 3","Raw","SR",1,0.0676912443789921,0.166660023059073,1.26749590487746
"Dataset 2 with Ref 3","Raw","sMC",4,0.103907283721218,0.163390962000266,1.29285545631229
"Dataset 2 with Ref 3","Raw","UVE",2,0.0659979687053402,0.166811299845098,1.26634644613595
"Dataset 2 with Ref 3","Raw","GA",4,0.149319760453726,0.15919694469297,1.32691552053063
"Dataset 2 with Ref 3","SNV","None",2,0.569968123546838,0.113188389537749,1.86627707662285
"Dataset 2 with Ref 3","SNV","VIP",4,0.553626439921295,0.115318978644548,1.831796458979
"Dataset 2 with Ref 3","SNV","SR",4,0.530976827491212,0.11820849992372,1.7870195194971
"Dataset 2 with Ref 3","SNV","sMC",4,0.58543922754179,0.111133670555992,1.90078214529708
"Dataset 2 with Ref 3","SNV","UVE",4,0.56735351884638,0.113531962234051,1.86062931158255
"Dataset 2 with Ref 3","SNV","GA",3,0.592059108584664,0.110242785102467,1.91614259869992
"Dataset 2 with Ref 3","1st_Der","None",2,0.116321975669425,0.162255184879092,1.30190537141583
"Dataset 2 with Ref 3","1st_Der","VIP",2,0.174741516971817,0.156800179233529,1.34719805657587
"Dataset 2 with Ref 3","1st_Der","SR",1,0.145091799614691,0.159592066251372,1.32363031381169
"Dataset 2 with Ref 3","1st_Der","sMC",2,0.134501485712566,0.160577510102479,1.31550736214148
"Dataset 2 with Ref 3","1st_Der","UVE",1,0.105852367058105,0.163213535222611,1.29426089843616
"Dataset 2 with Ref 3","1st_Der","GA",4,0.173595522119835,0.156909011716192,1.346263636637
"Dataset 2 with Ref 3","2nd_Der","None",2,0.154782928283704,0.158684930631456,1.33119695672151
"Dataset 2 with Ref 3","2nd_Der","VIP",2,0.170469650108015,0.157205485518675,1.34372471823869
"Dataset 2 with Ref 3","2nd_Der","SR",1,0.113998094444407,0.162468392741691,1.30019687626264
"Dataset 2 with Ref 3","2nd_Der","sMC",3,0.161177195285912,0.158083546557991,1.33626111846287
"Dataset 2 with Ref 3","2nd_Der","UVE",4,0.147366645827772,0.159379593590751,1.32539487631381
"Dataset 2 with Ref 3","2nd_Der","GA",5,0.023523257050867,0.170562089652787,1.23849852663145
"Dataset 2 with Ref 3","EMSC","None",1,-0.0582381933900951,0.177559237792142,1.18969251817495
"Dataset 2 with Ref 3","EMSC","VIP",1,-0.00870349631940015,0.173353781316629,1.21855372942993
"Dataset 2 with Ref 3","EMSC","SR",2,0.0658670817114115,0.166822987541699,1.26625772531113
"Dataset 2 with Ref 3","EMSC","sMC",1,-0.00671268618593679,0.173182628487123,1.21975800101605
"Dataset 2 with Ref 3","EMSC","UVE",1,-0.0090026381246382,0.173379484369674,1.218373082041
"Dataset 2 with Ref 3","EMSC","GA",1,-0.0426364547979072,0.176245488548106,1.19856058997221
"Dataset 2 with Ref 3","RNV","None",5,0.0688100896194292,0.166559990344691,1.26825713844604
"Dataset 2 with Ref 3","RNV","VIP",2,0.122608011578373,0.161677054492461,1.30656076953708
"Dataset 2 with Ref 3","RNV","SR",1,0.0261362727820119,0.170333727849509,1.24015894797295
"Dataset 2 with Ref 3","RNV","sMC",2,0.0849946543229099,0.165106196123266,1.27942440498386
"Dataset 2 with Ref 3","RNV","UVE",2,0.160636595039549,0.158134478792405,1.33583073310325
"Dataset 2 with Ref 3","RNV","GA",2,0.12647682921808,0.161320207096998,1.3094509394421
"Dataset 2 with Ref 4","Raw","None",5,0.0559224839996247,0.145250152621497,1.25929396921375
"Dataset 2 with Ref 4","Raw","VIP",2,0.144909082915466,0.138235286423001,1.32319790378207
"Dataset 2 with Ref 4","Raw","SR",1,0.0607148093971526,0.144881024239255,1.26250240280997
"Dataset 2 with Ref 4","Raw","sMC",2,0.138565677103712,0.138747081274265,1.31831703805041
"Dataset 2 with Ref 4","Raw","UVE",2,0.107457550339628,0.14123008168659,1.29513938559873
"Dataset 2 with Ref 4","Raw","GA",4,0.10279043854639,0.141598846874103,1.29176646040245
"Dataset 2 with Ref 4","SNV","None",2,0.569928907359941,0.0980353934637919,1.86578168109444
"Dataset 2 with Ref 4","SNV","VIP",2,0.572082584113547,0.0977896183538273,1.87047095901126
"Dataset 2 with Ref 4","SNV","SR",3,0.568243429367453,0.0982273093169758,1.86213632945372
"Dataset 2 with Ref 4","SNV","sMC",4,0.586282920469419,0.0961533667102894,1.90230095400347
"Dataset 2 with Ref 4","SNV","UVE",3,0.580295946931056,0.0968465940115498,1.88868429592697
"Dataset 2 with Ref 4","SNV","GA",5,0.533036903034024,0.102153688004134,1.79056326597064
"Dataset 2 with Ref 4","1st_Der","None",2,0.164047465148027,0.136679562369663,1.33825890317767
"Dataset 2 with Ref 4","1st_Der","VIP",2,0.158583836110619,0.137125490926959,1.33390691976489
"Dataset 2 with Ref 4","1st_Der","SR",1,0.135542645891476,0.138990320606682,1.3160099237503
"Dataset 2 with Ref 4","1st_Der","sMC",2,0.178287780520103,0.135510404830923,1.34980514191401
"Dataset 2 with Ref 4","1st_Der","UVE",1,0.0716415658249577,0.144035854599784,1.26991047980288
"Dataset 2 with Ref 4","1st_Der","GA",3,0.0921986790239938,0.142432197644236,1.28420851639531
"Dataset 2 with Ref 4","2nd_Der","None",2,0.174534062460193,0.135819569186236,1.34673259766285
"Dataset 2 with Ref 4","2nd_Der","VIP",2,0.171729782011664,0.136050077323757,1.34445084355486
"Dataset 2 with Ref 4","2nd_Der","SR",5,0.121141955598425,0.140143234317289,1.30518352965587
"Dataset 2 with Ref 4","2nd_Der","sMC",2,0.153321545488997,0.137553620015596,1.32975519803034
"Dataset 2 with Ref 4","2nd_Der","UVE",1,0.124127449384175,0.139904997500982,1.30740605761667
"Dataset 2 with Ref 4","2nd_Der","GA",3,0.182817896207837,0.135136352810872,1.35354134856386
"Dataset 2 with Ref 4","EMSC","None",1,-0.0188104988175128,0.150889658601602,1.21222781546996
"Dataset 2 with Ref 4","EMSC","VIP",1,-0.00462590867274004,0.149835581323453,1.22075570841062
"Dataset 2 with Ref 4","EMSC","SR",1,-0.00148905867827276,0.149601474675311,1.22266603066992
"Dataset 2 with Ref 4","EMSC","sMC",1,-0.0264949180613194,0.151457635282091,1.20768187673704
"Dataset 2 with Ref 4","EMSC","UVE",1,-0.00221610539133965,0.149655767593604,1.2222224653602
"Dataset 2 with Ref 4","EMSC","GA",5,-0.171543148891268,0.16180499128149,1.13045116701881
"Dataset 2 with Ref 4","RNV","None",2,0.120568144074813,0.140188977018068,1.30475765723046
"Dataset 2 with Ref 4","RNV","VIP",2,0.123220925158334,0.139977379304714,1.30673000260599
"Dataset 2 with Ref 4","RNV","SR",1,0.0423986633285743,0.146286800665428,1.25037009758636
"Dataset 2 with Ref 4","RNV","sMC",6,0.145318027348539,0.138202227183211,1.32351442485183
"Dataset 2 with Ref 4","RNV","UVE",4,0.104367278621387,0.141474362620389,1.29290309449514
"Dataset 2 with Ref 4","RNV","GA",2,0.0857420135699501,0.142937819087364,1.27966581826627
"Dataset 3 with Ref 1","Raw","None",3,0.104541751167222,1.60566173470214,1.15241398814273
"Dataset 3 with Ref 1","Raw","VIP",2,0.152597458873075,1.56198287411277,1.1846397767628
"Dataset 3 with Ref 1","Raw","SR",3,-0.0188189012074711,1.71269442318662,1.0803953222744
"Dataset 3 with Ref 1","Raw","sMC",3,0.0880350009853307,1.62039342443998,1.14193689963644
"Dataset 3 with Ref 1","Raw","UVE",1,0.040905045148973,1.66173661813599,1.11352606851252
"Dataset 3 with Ref 1","Raw","GA",2,0.139244075712053,1.57424164529365,1.17541487282348
"Dataset 3 with Ref 1","SNV","None",4,0.411673839675179,1.30148889517954,1.42174631696801
"Dataset 3 with Ref 1","SNV","VIP",3,0.395106448299819,1.31968677436703,1.40214108320043
"Dataset 3 with Ref 1","SNV","SR",11,0.289747231837621,1.4300059826116,1.29397153983715
"Dataset 3 with Ref 1","SNV","sMC",4,0.430992298701661,1.2799424976802,1.44567982284357
"Dataset 3 with Ref 1","SNV","UVE",10,0.396386200454658,1.31829002761174,1.40362667132398
"Dataset 3 with Ref 1","SNV","GA",4,0.42812246423156,1.28316618269177,1.44204785650959
"Dataset 3 with Ref 1","1st_Der","None",2,0.101994748574794,1.60794365049607,1.15077853799503
"Dataset 3 with Ref 1","1st_Der","VIP",2,0.131313435580324,1.58147721466592,1.17003711854751
"Dataset 3 with Ref 1","1st_Der","SR",2,0.128164820279038,1.58434070974908,1.16792242470959
"Dataset 3 with Ref 1","1st_Der","sMC",2,0.139542114289215,1.57396907943153,1.17561842063922
"Dataset 3 with Ref 1","1st_Der","UVE",2,0.117685040725889,1.5938344444805,1.16096565092078
"Dataset 3 with Ref 1","1st_Der","GA",2,0.151528978228499,1.56296730750118,1.18389363258954
"Dataset 3 with Ref 1","2nd_Der","None",2,0.124214491527373,1.58792601648884,1.16528542519114
"Dataset 3 with Ref 1","2nd_Der","VIP",2,0.095697697889383,1.6135714651931,1.14676485250985
"Dataset 3 with Ref 1","2nd_Der","SR",2,0.0880562584314174,1.62037453905149,1.14195020885691
"Dataset 3 with Ref 1","2nd_Der","sMC",2,0.117414344668111,1.59407892158552,1.16078759855617
"Dataset 3 with Ref 1","2nd_Der","UVE",2,0.13113525066697,1.58163940258446,1.16991713804845
"Dataset 3 with Ref 1","2nd_Der","GA",2,0.158615939700316,1.55642617894674,1.18886913386952
"Dataset 3 with Ref 1","EMSC","None",6,0.397487318172545,1.31708706048745,1.40490867977357
"Dataset 3 with Ref 1","EMSC","VIP",6,0.421945809883216,1.2900770925089,1.43432284321683
"Dataset 3 with Ref 1","EMSC","SR",1,0.279560272605547,1.44022456286108,1.2847906437732
"Dataset 3 with Ref 1","EMSC","sMC",5,0.470815501193087,1.23434040063857,1.49908975055746
"Dataset 3 with Ref 1","EMSC","UVE",6,0.395212400724366,1.31957119193407,1.40226389800477
"Dataset 3 with Ref 1","EMSC","GA",3,0.496525124691356,1.20398281585121,1.53688825034272
"Dataset 3 with Ref 1","RNV","None",2,0.0922260330916881,1.61666579169998,1.14456992459185
"Dataset 3 with Ref 1","RNV","VIP",2,0.100283896464297,1.60947462415801,1.14968388784899
"Dataset 3 with Ref 1","RNV","SR",5,0.054104517931041,1.6502622394085,1.12126848637069
"Dataset 3 with Ref 1","RNV","sMC",5,0.0622324626064318,1.64315670850211,1.1261172070332
"Dataset 3 with Ref 1","RNV","UVE",2,0.131920183650972,1.58092481412162,1.17044594832573
"Dataset 3 with Ref 1","RNV","GA",2,0.134733996847441,1.57836051203639,1.1723475271875
"Dataset 3 with Ref 2","Raw","None",2,0.0381297923383331,1.69095357624963,1.09066194256749
"Dataset 3 with Ref 2","Raw","VIP",1,-0.0698597542378407,1.78335117879906,1.03415341531656
"Dataset 3 with Ref 2","Raw","SR",1,-0.118277553380554,1.82325851997913,1.01151794551053
"Dataset 3 with Ref 2","Raw","sMC",2,0.0435257344879607,1.68620391247992,1.09373409622297
"Dataset 3 with Ref 2","Raw","UVE",3,-0.0765859618758873,1.78894835911547,1.03091780311409
"Dataset 3 with Ref 2","Raw","GA",2,0.0169951463945744,1.70942983279913,1.07887359684367
"Dataset 3 with Ref 2","SNV","None",1,0.269968441667216,1.47314082462251,1.25192288574071
"Dataset 3 with Ref 2","SNV","VIP",3,0.281586887714045,1.46137129697279,1.26200556702066
"Dataset 3 with Ref 2","SNV","SR",3,0.194975921430321,1.54695572161248,1.19218584378194
"Dataset 3 with Ref 2","SNV","sMC",5,0.278816549104311,1.46418624969543,1.2595793142078
"Dataset 3 with Ref 2","SNV","UVE",1,0.256486131693136,1.48668166249444,1.24052025311825
"Dataset 3 with Ref 2","SNV","GA",4,0.233646727344604,1.50934303863545,1.22189500004665
"Dataset 3 with Ref 2","1st_Der","None",1,-0.101064636467104,1.80917198904012,1.01939380193608
"Dataset 3 with Ref 2","1st_Der","VIP",1,0.0231356716057496,1.70408233074848,1.08225916024481
"Dataset 3 with Ref 2","1st_Der","SR",1,0.0409035747340174,1.68851368179425,1.09223794402668
"Dataset 3 with Ref 2","1st_Der","sMC",1,0.0413105439185801,1.68815540397679,1.0924697500712
"Dataset 3 with Ref 2","1st_Der","UVE",1,0.105912884590745,1.63028437442765,1.13124970170393
"Dataset 3 with Ref 2","1st_Der","GA",1,0.0597838330493136,1.67181148783635,1.10314992191535
"Dataset 3 with Ref 2","2nd_Der","None",3,0.0639327695483982,1.66811876862779,1.10559196799936
"Dataset 3 with Ref 2","2nd_Der","VIP",1,0.0683178662841887,1.66420695073304,1.108190727993
"Dataset 3 with Ref 2","2nd_Der","SR",1,0.0553386326038608,1.67575886416176,1.10055136911741
"Dataset 3 with Ref 2","2nd_Der","sMC",1,0.0513688625706221,1.67927621087548,1.09824619697457
"Dataset 3 with Ref 2","2nd_Der","UVE",2,0.0833817498117819,1.65069827650884,1.11725973093302
"Dataset 3 with Ref 2","2nd_Der","GA",1,0.101914758012521,1.63392541377723,1.12872882489807
"Dataset 3 with Ref 2","EMSC","None",2,0.212405627806904,1.5301173863652,1.20530537637044
"Dataset 3 with Ref 2","EMSC","VIP",4,0.249255987610455,1.4938926359281,1.23453230032029
"Dataset 3 with Ref 2","EMSC","SR",1,0.174273452466995,1.56672066455359,1.17714583970804
"Dataset 3 with Ref 2","EMSC","sMC",4,0.288658461677372,1.45416113356869,1.26826296597395
"Dataset 3 with Ref 2","EMSC","UVE",4,0.249692379765523,1.4934583881812,1.23489126102126
"Dataset 3 with Ref 2","EMSC","GA",2,0.299870729813315,1.44265526521826,1.27837797201319
"Dataset 3 with Ref 2","RNV","None",3,0.0371042689730081,1.69185476354969,1.09008098803612
"Dataset 3 with Ref 2","RNV","VIP",2,0.0862596721291703,1.64810487617865,1.11901781186403
"Dataset 3 with Ref 2","RNV","SR",2,0.0288157411258587,1.69912083446406,1.08541939740595
"Dataset 3 with Ref 2","RNV","sMC",2,0.0542736423924285,1.67670320471255,1.0999315246016
"Dataset 3 with Ref 2","RNV","UVE",3,-0.0531360859604038,1.76935792240355,1.04233218667174
"Dataset 3 with Ref 2","RNV","GA",3,0.0695084394522463,1.66314328671221,1.10889947186072
"Dataset 3 with Ref 3","Raw","None",2,0.197037874957411,0.154667507347727,1.36577423633809
"Dataset 3 with Ref 3","Raw","VIP",3,0.180672432158602,0.156235722475847,1.35206528562516
"Dataset 3 with Ref 3","Raw","SR",5,0.0804065352125667,0.165519625209914,1.27622870379425
"Dataset 3 with Ref 3","Raw","sMC",3,0.201590133118268,0.154228453521796,1.36966228935379
"Dataset 3 with Ref 3","Raw","UVE",2,0.182990820633998,0.156014521756558,1.35398227264879
"Dataset 3 with Ref 3","Raw","GA",2,0.222843757863957,0.1521618311302,1.3882646861249
"Dataset 3 with Ref 3","SNV","None",5,0.571330195228413,0.113008992403145,1.86923971484131
"Dataset 3 with Ref 3","SNV","VIP",3,0.549611431282955,0.115836449030612,1.82361336610322
"Dataset 3 with Ref 3","SNV","SR",8,0.533475133278734,0.117893253990267,1.79179800017733
"Dataset 3 with Ref 3","SNV","sMC",5,0.602400036057526,0.108836539390008,1.94090052769127
"Dataset 3 with Ref 3","SNV","UVE",6,0.588279285910177,0.110752341011846,1.90732669670218
"Dataset 3 with Ref 3","SNV","GA",4,0.591434973114965,0.110327086696345,1.91467846255708
"Dataset 3 with Ref 3","1st_Der","None",2,0.163732207919476,0.157842605625858,1.33830087191333
"Dataset 3 with Ref 3","1st_Der","VIP",4,0.198247810781954,0.154550933787129,1.36680440265156
"Dataset 3 with Ref 3","1st_Der","SR",2,0.183646747163526,0.155951881939234,1.3545261147696
"Dataset 3 with Ref 3","1st_Der","sMC",2,0.168324502773797,0.157408619251522,1.34199065933371
"Dataset 3 with Ref 3","1st_Der","UVE",2,0.1664346136635,0.157587364463995,1.34046849157391
"Dataset 3 with Ref 3","1st_Der","GA",2,0.198313693750708,0.154544583643241,1.3668605638215
"Dataset 3 with Ref 3","2nd_Der","None",3,0.166298837301303,0.157600198350929,1.34035933294822
"Dataset 3 with Ref 3","2nd_Der","VIP",2,0.177506313137552,0.156537301450461,1.34946044665916
"Dataset 3 with Ref 3","2nd_Der","SR",1,0.144195379564839,0.159675715025313,1.32293690809946
"Dataset 3 with Ref 3","2nd_Der","sMC",3,0.169216968118502,0.157324139520038,1.34271127990027
"Dataset 3 with Ref 3","2nd_Der","UVE",2,0.156074346597477,0.158563655890006,1.33221510029192
"Dataset 3 with Ref 3","2nd_Der","GA",2,0.205098769749165,0.153889199562921,1.37268175631642
"Dataset 3 with Ref 3","EMSC","None",6,0.538075600919571,0.117310532837985,1.80069846776587
"Dataset 3 with Ref 3","EMSC","VIP",5,0.538288521123803,0.11728349306519,1.80111361977208
"Dataset 3 with Ref 3","EMSC","SR",2,0.375772114596973,0.136371349720302,1.54901229009916
"Dataset 3 with Ref 3","EMSC","sMC",5,0.567162796715315,0.113556983438358,1.86021933956026
"Dataset 3 with Ref 3","EMSC","UVE",5,0.522606268655282,0.119258656397822,1.77128355387052
"Dataset 3 with Ref 3","EMSC","GA",4,0.53485600182913,0.117718648367495,1.7944556760005
"Dataset 3 with Ref 3","RNV","None",3,0.149245485322075,0.159203894493485,1.32685759607974
"Dataset 3 with Ref 3","RNV","VIP",3,0.197238872498452,0.154648147944958,1.3659452087932
"Dataset 3 with Ref 3","RNV","SR",1,0.0548930007758458,0.167800034538231,1.25888470354295
"Dataset 3 with Ref 3","RNV","sMC",3,0.195044269836036,0.154859393596792,1.3640819057071
"Dataset 3 with Ref 3","RNV","UVE",3,0.237723922065403,0.150698073897114,1.40174914828957
"Dataset 3 with Ref 3","RNV","GA",3,0.210234122190512,0.153391303879192,1.37713736953776
"Dataset 3 with Ref 4","Raw","None",3,0.197308777646487,0.133932824272626,1.36570435378337
"Dataset 3 with Ref 4","Raw","VIP",3,0.180668695819857,0.135313941373539,1.35176493543036
"Dataset 3 with Ref 4","Raw","SR",5,0.0534321922856583,0.145441597193566,1.25763636231382
"Dataset 3 with Ref 4","Raw","sMC",3,0.201264681971016,0.13360238597807,1.36908214538663
"Dataset 3 with Ref 4","Raw","UVE",4,0.123201286620959,0.139978946937702,1.3067153684549
"Dataset 3 with Ref 4","Raw","GA",3,0.195642939911369,0.134071728692088,1.36428942184903
"Dataset 3 with Ref 4","SNV","None",5,0.571289580823997,0.0978801867582218,1.86874021476327
"Dataset 3 with Ref 4","SNV","VIP",3,0.549115712690166,0.100379567601739,1.82220989384357
"Dataset 3 with Ref 4","SNV","SR",5,0.564545747553089,0.0986470353937216,1.85421326138778
"Dataset 3 with Ref 4","SNV","sMC",5,0.600819854204047,0.0944489722057762,1.9366292395974
"Dataset 3 with Ref 4","SNV","UVE",3,0.536780597472403,0.1017433753002,1.79778428505968
"Dataset 3 with Ref 4","SNV","GA",4,0.593140077450516,0.0953531898565772,1.91826452265259
"Dataset 3 with Ref 4","1st_Der","None",2,0.163728859335302,0.136705606165679,1.33800395136648
"Dataset 3 with Ref 4","1st_Der","VIP",4,0.198246642617575,0.133854557802729,1.36650289856547
"Dataset 3 with Ref 4","1st_Der","SR",2,0.190855339931815,0.134470139755961,1.36024727538458
"Dataset 3 with Ref 4","1st_Der","sMC",2,0.166606620596377,0.136470189021924,1.34031206767247
"Dataset 3 with Ref 4","1st_Der","UVE",2,0.16278080421829,0.136783073706888,1.33724616845204
"Dataset 3 with Ref 4","1st_Der","GA",2,0.203593493220197,0.133407476693673,1.37108238426268
"Dataset 3 with Ref 4","2nd_Der","None",3,0.166295347073841,0.136495672540096,1.34006183360793
"Dataset 3 with Ref 4","2nd_Der","VIP",2,0.174690268372541,0.13580671776346,1.34686003929655
"Dataset 3 with Ref 4","2nd_Der","SR",1,0.143474855625172,0.138351167524769,1.32208961077891
"Dataset 3 with Ref 4","2nd_Der","sMC",3,0.167485242413382,0.136398231823602,1.34101915236102
"Dataset 3 with Ref 4","2nd_Der","UVE",2,0.166134278167941,0.136508857153373,1.33993240466529
"Dataset 3 with Ref 4","2nd_Der","GA",2,0.209882042879178,0.13287972974218,1.37652779380666
"Dataset 3 with Ref 4","EMSC","None",5,0.535593542777215,0.101873656625466,1.79548518510628
"Dataset 3 with Ref 4","EMSC","VIP",5,0.538246708280456,0.10158223645468,1.8006360915792
"Dataset 3 with Ref 4","EMSC","SR",2,0.375747798681449,0.118111670325187,1.54864155862017
"Dataset 3 with Ref 4","EMSC","sMC",6,0.576391589517527,0.0972960159240199,1.87996023769841
"Dataset 3 with Ref 4","EMSC","UVE",10,0.51291026944226,0.104331933700994,1.75317982457644
"Dataset 3 with Ref 4","EMSC","GA",7,0.55699359528427,0.0994987838682543,1.83834047123452
"Dataset 3 with Ref 4","RNV","None",3,0.149237513940697,0.137884972200318,1.32655965552137
"Dataset 3 with Ref 4","RNV","VIP",3,0.214711782345145,0.132472981471939,1.38075431828621
"Dataset 3 with Ref 4","RNV","SR",1,0.0548889554151681,0.145329637154576,1.25860522880876
"Dataset 3 with Ref 4","RNV","sMC",3,0.192884345811395,0.134301435705962,1.36195596318192
"Dataset 3 with Ref 4","RNV","UVE",3,0.231324616003457,0.131064253064409,1.39559519050354
"Dataset 3 with Ref 4","RNV","GA",3,0.2150716665993,0.132442622934483,1.38107081520209
