"Dataset","Preprocessing","Var_Selection","Model_Method","Best_Mtry","R2","RMSE","MAE"
"Dataset 1 with Ref 1","Raw","None","Random_Forest",29,0.0617716434002763,1.78811309993137,1.12694047311652
"Dataset 1 with Ref 1","Raw","VIP","Random_Forest",15,0.147894008786479,1.70407033804986,1.07212897904038
"Dataset 1 with Ref 1","Raw","GA","Random_Forest",9,0.0664824000118027,1.78361847694979,1.11305889830357
"Dataset 1 with Ref 1","Raw","PCA","Random_Forest",6,0.136260844926418,1.71566310232924,1.08519540642488
"Dataset 1 with Ref 1","Raw","Kernel_PCA","Random_Forest",4,0.196861075906582,1.65438294673469,1.0746589973999
"Dataset 1 with Ref 1","SNV","None","Random_Forest",295,0.41926614487019,1.40679002411848,0.904606685953618
"Dataset 1 with Ref 1","SNV","VIP","Random_Forest",17,0.477900154168584,1.33388223949549,0.856144317253208
"Dataset 1 with Ref 1","SNV","GA","Random_Forest",46,0.40500153145685,1.42396275951775,0.91981861124726
"Dataset 1 with Ref 1","SNV","PCA","Random_Forest",10,0.392177645911753,1.43922615105642,0.93641611166984
"Dataset 1 with Ref 1","SNV","Kernel_PCA","Random_Forest",10,0.349191545361066,1.48924894333071,0.946013225532007
"Dataset 1 with Ref 1","1st_Der","None","Random_Forest",29,0.43091402899761,1.39261044219639,0.891597589954854
"Dataset 1 with Ref 1","1st_Der","VIP","Random_Forest",13,0.487762757325295,1.32122347980318,0.848598142635971
"Dataset 1 with Ref 1","1st_Der","GA","Random_Forest",46,0.450876531818375,1.36796728050665,0.891702385659576
"Dataset 1 with Ref 1","1st_Der","PCA","Random_Forest",4,0.309707088987774,1.53376002441006,0.993551423135053
"Dataset 1 with Ref 1","1st_Der","Kernel_PCA","Random_Forest",10,0.460398827320142,1.35605451779874,0.915504628546574
"Dataset 1 with Ref 1","2nd_Der","None","Random_Forest",29,0.298647914431403,1.54599738112605,0.993097032400313
"Dataset 1 with Ref 1","2nd_Der","VIP","Random_Forest",13,0.42931624739803,1.39456403781954,0.901645251067041
"Dataset 1 with Ref 1","2nd_Der","GA","Random_Forest",9,0.289068361346824,1.55651972471309,0.998164591287528
"Dataset 1 with Ref 1","2nd_Der","PCA","Random_Forest",6,0.198494411280009,1.65269983977423,1.06898043707751
"Dataset 1 with Ref 1","2nd_Der","Kernel_PCA","Random_Forest",10,0.557776938587215,1.22761277978943,0.814505464841258
"Dataset 1 with Ref 1","EMSC","None","Random_Forest",29,0.40431003263346,1.42478997395522,0.936967047955763
"Dataset 1 with Ref 1","EMSC","VIP","Random_Forest",22,0.398692629981544,1.43149215056898,0.933090648999358
"Dataset 1 with Ref 1","EMSC","GA","Random_Forest",29,0.379677367514936,1.45395016429638,0.961755948432501
"Dataset 1 with Ref 1","EMSC","PCA","Random_Forest",10,0.465936107930195,1.34907879402177,0.862660639167448
"Dataset 1 with Ref 1","EMSC","Kernel_PCA","Random_Forest",10,0.489844656036021,1.31853580521469,0.852119641140373
"Dataset 1 with Ref 1","RNV","None","Random_Forest",30,0.0558426179619367,1.79375408889446,1.123021994659
"Dataset 1 with Ref 1","RNV","VIP","Random_Forest",58,0.260410418514528,1.58758175735388,0.987042182046885
"Dataset 1 with Ref 1","RNV","GA","Random_Forest",27,0.121107498614272,1.73064737142597,1.0810282183592
"Dataset 1 with Ref 1","RNV","PCA","Random_Forest",6,0.151958035150385,1.70000179254585,1.09065934900379
"Dataset 1 with Ref 1","RNV","Kernel_PCA","Random_Forest",6,0.112082512530913,1.73951033050425,1.14219246681647
"Dataset 1 with Ref 2","Raw","None","Random_Forest",29,-0.0506031628415311,1.88701452648714,1.09661423810567
"Dataset 1 with Ref 2","Raw","VIP","Random_Forest",12,0.101151911837349,1.74541635454945,0.973305238503825
"Dataset 1 with Ref 2","Raw","GA","Random_Forest",9,-0.0144165688917892,1.85423194343708,1.07683595261281
"Dataset 1 with Ref 2","Raw","PCA","Random_Forest",4,0.0586149160678173,1.78623891977372,1.06481064989265
"Dataset 1 with Ref 2","Raw","Kernel_PCA","Random_Forest",6,0.0747534276047228,1.770861654186,1.04299315779056
"Dataset 1 with Ref 2","SNV","None","Random_Forest",443,0.257712538929001,1.58614159300492,0.857074727097076
"Dataset 1 with Ref 2","SNV","VIP","Random_Forest",15,0.394046751458565,1.43309655008774,0.761554558735952
"Dataset 1 with Ref 2","SNV","GA","Random_Forest",42,0.214614430585211,1.63153858901668,0.921652093456714
"Dataset 1 with Ref 2","SNV","PCA","Random_Forest",4,0.271686586754806,1.57114057919379,0.873284631708539
"Dataset 1 with Ref 2","SNV","Kernel_PCA","Random_Forest",6,0.210708183326378,1.63559092235319,0.912109233779124
"Dataset 1 with Ref 2","1st_Der","None","Random_Forest",446,0.29177153944203,1.54932517948806,0.853566295228324
"Dataset 1 with Ref 2","1st_Der","VIP","Random_Forest",11,0.417085295294489,1.40558915290688,0.761216937848207
"Dataset 1 with Ref 2","1st_Der","GA","Random_Forest",33,0.365887258356747,1.46601742183212,0.821178309063488
"Dataset 1 with Ref 2","1st_Der","PCA","Random_Forest",4,0.194412993829819,1.65238832491237,0.951260641503956
"Dataset 1 with Ref 2","1st_Der","Kernel_PCA","Random_Forest",10,0.328154727511024,1.50900446305458,0.882204803826741
"Dataset 1 with Ref 2","2nd_Der","None","Random_Forest",29,0.121538438285442,1.72550917552426,0.998063475283741
"Dataset 1 with Ref 2","2nd_Der","VIP","Random_Forest",13,0.29575417723566,1.54496281588473,0.880052793880457
"Dataset 1 with Ref 2","2nd_Der","GA","Random_Forest",9,0.176224315174456,1.67093815454386,0.959061870782637
"Dataset 1 with Ref 2","2nd_Der","PCA","Random_Forest",4,0.0741059224997253,1.77148118710579,1.03177614040183
"Dataset 1 with Ref 2","2nd_Der","Kernel_PCA","Random_Forest",10,0.438874394537628,1.37906880593247,0.766539276815043
"Dataset 1 with Ref 2","EMSC","None","Random_Forest",29,0.233912336872476,1.61136945077788,0.887745683069013
"Dataset 1 with Ref 2","EMSC","VIP","Random_Forest",21,0.258084173433145,1.58574448354641,0.856651752769412
"Dataset 1 with Ref 2","EMSC","GA","Random_Forest",9,0.237164914070277,1.60794511785715,0.882291896553401
"Dataset 1 with Ref 2","EMSC","PCA","Random_Forest",6,0.297221451704522,1.54335253549726,0.847763984343153
"Dataset 1 with Ref 2","EMSC","Kernel_PCA","Random_Forest",10,0.330799309781497,1.50603159006412,0.824343170280209
"Dataset 1 with Ref 2","RNV","None","Random_Forest",30,-0.0308352898656374,1.86917743888285,1.08159357490079
"Dataset 1 with Ref 2","RNV","VIP","Random_Forest",14,0.0205575063165625,1.82198737193299,1.02252250188025
"Dataset 1 with Ref 2","RNV","GA","Random_Forest",9,-0.0375449821286826,1.87525079676544,1.0866718950336
"Dataset 1 with Ref 2","RNV","PCA","Random_Forest",4,0.09015592828098,1.75606010426832,1.04418624863553
"Dataset 1 with Ref 2","RNV","Kernel_PCA","Random_Forest",6,0.0394373053214221,1.8043415474142,1.02742102365601
"Dataset 1 with Ref 3","Raw","None","Random_Forest",29,0.270639005084107,0.179981305758841,0.128324493044816
"Dataset 1 with Ref 3","Raw","VIP","Random_Forest",61,0.443825310228861,0.157167136922678,0.109640728088297
"Dataset 1 with Ref 3","Raw","GA","Random_Forest",8,0.285783107963848,0.178102981580216,0.126600826365319
"Dataset 1 with Ref 3","Raw","PCA","Random_Forest",4,0.351503501441142,0.169710982983174,0.12110124277951
"Dataset 1 with Ref 3","Raw","Kernel_PCA","Random_Forest",10,0.439878194289861,0.157723850630005,0.111395233973463
"Dataset 1 with Ref 3","SNV","None","Random_Forest",295,0.632368327367412,0.127779913930192,0.0912140898716722
"Dataset 1 with Ref 3","SNV","VIP","Random_Forest",18,0.650956370044132,0.124507636604302,0.0889476199699034
"Dataset 1 with Ref 3","SNV","GA","Random_Forest",32,0.63161463032834,0.127910830333151,0.0918673985721336
"Dataset 1 with Ref 3","SNV","PCA","Random_Forest",6,0.519979001880308,0.146011226476996,0.104903733835228
"Dataset 1 with Ref 3","SNV","Kernel_PCA","Random_Forest",6,0.52095366250642,0.145862916604514,0.102245086957059
"Dataset 1 with Ref 3","1st_Der","None","Random_Forest",297,0.59428110541862,0.134235921334876,0.0981942748047831
"Dataset 1 with Ref 3","1st_Der","VIP","Random_Forest",13,0.618578176593071,0.130154413701561,0.0954952749810593
"Dataset 1 with Ref 3","1st_Der","GA","Random_Forest",34,0.615070397359839,0.130751532217622,0.092041103597342
"Dataset 1 with Ref 3","1st_Der","PCA","Random_Forest",6,0.48834430840636,0.150745735801624,0.107524570905744
"Dataset 1 with Ref 3","1st_Der","Kernel_PCA","Random_Forest",10,0.550419419859404,0.141305772255456,0.102879058257312
"Dataset 1 with Ref 3","2nd_Der","None","Random_Forest",297,0.574609558192784,0.137451661808414,0.097211775635496
"Dataset 1 with Ref 3","2nd_Der","VIP","Random_Forest",57,0.618982822977309,0.130085355659499,0.0920155777273341
"Dataset 1 with Ref 3","2nd_Der","GA","Random_Forest",31,0.504708479744484,0.148315512737072,0.106871524183234
"Dataset 1 with Ref 3","2nd_Der","PCA","Random_Forest",10,0.385572038294456,0.165192991129421,0.116320974056453
"Dataset 1 with Ref 3","2nd_Der","Kernel_PCA","Random_Forest",10,0.662529672495272,0.122426075422584,0.0846454079014853
"Dataset 1 with Ref 3","EMSC","None","Random_Forest",443,0.648618590266428,0.124923896435692,0.0883897070591498
"Dataset 1 with Ref 3","EMSC","VIP","Random_Forest",22,0.647724330840845,0.125082759968746,0.0896997555638176
"Dataset 1 with Ref 3","EMSC","GA","Random_Forest",31,0.642457783290898,0.126014289574907,0.0884812613033108
"Dataset 1 with Ref 3","EMSC","PCA","Random_Forest",10,0.567719675317252,0.138560316175762,0.0998902467888196
"Dataset 1 with Ref 3","EMSC","Kernel_PCA","Random_Forest",10,0.638209834155436,0.126760665338779,0.0898495605647763
"Dataset 1 with Ref 3","RNV","None","Random_Forest",30,0.301314419443276,0.176155830139378,0.125366356053415
"Dataset 1 with Ref 3","RNV","VIP","Random_Forest",61,0.438140802895114,0.157968275941803,0.110873427971577
"Dataset 1 with Ref 3","RNV","GA","Random_Forest",10,0.327592964468179,0.172811347101867,0.12317674449547
"Dataset 1 with Ref 3","RNV","PCA","Random_Forest",4,0.352377615536135,0.169596566956393,0.122732790904218
"Dataset 1 with Ref 3","RNV","Kernel_PCA","Random_Forest",10,0.349018831002142,0.170035790233343,0.122432700850389
"Dataset 1 with Ref 4","Raw","None","Random_Forest",29,0.278020411643194,0.155145873315668,0.112056245864832
"Dataset 1 with Ref 4","Raw","VIP","Random_Forest",92,0.436440466165701,0.137071659038174,0.0979525005795815
"Dataset 1 with Ref 4","Raw","GA","Random_Forest",9,0.30603554639353,0.152106012523819,0.109077154110358
"Dataset 1 with Ref 4","Raw","PCA","Random_Forest",4,0.360984735022662,0.145959842167078,0.103863516584386
"Dataset 1 with Ref 4","Raw","Kernel_PCA","Random_Forest",10,0.436706156628272,0.137039343973201,0.0971005852535988
"Dataset 1 with Ref 4","SNV","None","Random_Forest",295,0.635732919588646,0.110201557139294,0.078800179768116
"Dataset 1 with Ref 4","SNV","VIP","Random_Forest",116,0.656348123384712,0.107037788743867,0.0749137616983545
"Dataset 1 with Ref 4","SNV","GA","Random_Forest",32,0.618596088038641,0.112763965555395,0.0802747727368063
"Dataset 1 with Ref 4","SNV","PCA","Random_Forest",6,0.522946682733838,0.126113398360204,0.0913463822793944
"Dataset 1 with Ref 4","SNV","Kernel_PCA","Random_Forest",10,0.522320963163152,0.126196078597171,0.0897919351973726
"Dataset 1 with Ref 4","1st_Der","None","Random_Forest",297,0.609327548300958,0.114125886134686,0.0833955481448979
"Dataset 1 with Ref 4","1st_Der","VIP","Random_Forest",13,0.619748324229516,0.112593504532285,0.0811367688710051
"Dataset 1 with Ref 4","1st_Der","GA","Random_Forest",31,0.623677654854138,0.112010251378291,0.081295292931073
"Dataset 1 with Ref 4","1st_Der","PCA","Random_Forest",6,0.482515346917665,0.131348919917298,0.095377883370841
"Dataset 1 with Ref 4","1st_Der","Kernel_PCA","Random_Forest",10,0.557265267072243,0.121492527107023,0.0887214594696242
"Dataset 1 with Ref 4","2nd_Der","None","Random_Forest",446,0.562033134658419,0.120836571943209,0.0873881463321613
"Dataset 1 with Ref 4","2nd_Der","VIP","Random_Forest",12,0.624563875060944,0.11187828438271,0.0797504993788254
"Dataset 1 with Ref 4","2nd_Der","GA","Random_Forest",48,0.508422599184777,0.128018791499011,0.0931005034149943
"Dataset 1 with Ref 4","2nd_Der","PCA","Random_Forest",10,0.368347111576127,0.145116572368311,0.102935593299894
"Dataset 1 with Ref 4","2nd_Der","Kernel_PCA","Random_Forest",10,0.653864032233679,0.107423954033015,0.0765107528038058
"Dataset 1 with Ref 4","EMSC","None","Random_Forest",295,0.638126527778362,0.109838891778274,0.0762231866332515
"Dataset 1 with Ref 4","EMSC","VIP","Random_Forest",155,0.646256672579465,0.108598017463563,0.0747750129989698
"Dataset 1 with Ref 4","EMSC","GA","Random_Forest",33,0.647654102590631,0.108383302032439,0.0760332013539721
"Dataset 1 with Ref 4","EMSC","PCA","Random_Forest",10,0.563948715023843,0.120572024735003,0.0869214504087337
"Dataset 1 with Ref 4","EMSC","Kernel_PCA","Random_Forest",10,0.64007101928297,0.109543390041273,0.0788046859335548
"Dataset 1 with Ref 4","RNV","None","Random_Forest",30,0.293426798387077,0.153481611174497,0.11110304477973
"Dataset 1 with Ref 4","RNV","VIP","Random_Forest",61,0.437754475708021,0.136911765922199,0.0976393769493567
"Dataset 1 with Ref 4","RNV","GA","Random_Forest",45,0.316413206957708,0.150964419171167,0.108811749497227
"Dataset 1 with Ref 4","RNV","PCA","Random_Forest",4,0.349969141458137,0.147212522936416,0.105710657311985
"Dataset 1 with Ref 4","RNV","Kernel_PCA","Random_Forest",10,0.337318308694597,0.148638137452789,0.108246977672555
"Dataset 2 with Ref 1","Raw","None","Random_Forest",9,0.288650067839961,1.55697756504331,0.970854637538752
"Dataset 2 with Ref 1","Raw","VIP","Random_Forest",26,0.280430921038113,1.56594662054237,0.977767295642436
"Dataset 2 with Ref 1","Raw","GA","Random_Forest",2,0.279034967897621,1.56746484095917,0.986283493681087
"Dataset 2 with Ref 1","Raw","PCA","Random_Forest",6,0.31518708577455,1.52765989828131,0.999163922244264
"Dataset 2 with Ref 1","Raw","Kernel_PCA","Random_Forest",4,0.350876500851943,1.48731984695795,0.966712045202343
"Dataset 2 with Ref 1","SNV","None","Random_Forest",9,0.519394509976459,1.27977927037888,0.832470065452483
"Dataset 2 with Ref 1","SNV","VIP","Random_Forest",7,0.513674284687979,1.28737278712609,0.849445448869509
"Dataset 2 with Ref 1","SNV","GA","Random_Forest",1,0.509241594345969,1.29322645722433,0.837219205498362
"Dataset 2 with Ref 1","SNV","PCA","Random_Forest",10,0.341334549367593,1.49821157959593,0.951459865380387
"Dataset 2 with Ref 1","SNV","Kernel_PCA","Random_Forest",10,0.413233549875966,1.41407793120366,0.908418155950011
"Dataset 2 with Ref 1","1st_Der","None","Random_Forest",9,0.459627204064119,1.35702374233977,0.863137993468954
"Dataset 2 with Ref 1","1st_Der","VIP","Random_Forest",8,0.478547594389446,1.33305492943341,0.836816235651855
"Dataset 2 with Ref 1","1st_Der","GA","Random_Forest",1,0.112849360373146,1.73875900625383,1.0781639251337
"Dataset 2 with Ref 1","1st_Der","PCA","Random_Forest",10,0.480992851246479,1.3299256964902,0.921320632903625
"Dataset 2 with Ref 1","1st_Der","Kernel_PCA","Random_Forest",10,0.467043146087458,1.34767984487817,0.900729113543348
"Dataset 2 with Ref 1","2nd_Der","None","Random_Forest",9,0.422187467925004,1.40324720542651,0.897474513953509
"Dataset 2 with Ref 1","2nd_Der","VIP","Random_Forest",5,0.437525616500008,1.38449719979733,0.879910931028417
"Dataset 2 with Ref 1","2nd_Der","GA","Random_Forest",2,0.291122136431439,1.55426982238558,0.962425111919827
"Dataset 2 with Ref 1","2nd_Der","PCA","Random_Forest",10,0.446073369188536,1.37393703418336,0.927603928787122
"Dataset 2 with Ref 1","2nd_Der","Kernel_PCA","Random_Forest",10,0.380482411435215,1.45300640238357,0.974635861579324
"Dataset 2 with Ref 1","EMSC","None","Random_Forest",43,0.445241007584836,1.37496892457986,0.898660533300663
"Dataset 2 with Ref 1","EMSC","VIP","Random_Forest",7,0.422861652170909,1.40242832107691,0.908998793900421
"Dataset 2 with Ref 1","EMSC","GA","Random_Forest",2,0.451599480980708,1.36706648443893,0.891686801895637
"Dataset 2 with Ref 1","EMSC","PCA","Random_Forest",6,0.309465733124671,1.53402813495877,1.006408024791
"Dataset 2 with Ref 1","EMSC","Kernel_PCA","Random_Forest",10,0.443066788608268,1.37766068820028,0.92002622452381
"Dataset 2 with Ref 1","RNV","None","Random_Forest",10,0.313749034550153,1.52926303765545,0.96041517035205
"Dataset 2 with Ref 1","RNV","VIP","Random_Forest",27,0.28674240199658,1.55906388298558,0.978729317346006
"Dataset 2 with Ref 1","RNV","GA","Random_Forest",3,0.209308368853227,1.6415128189974,1.04482660919668
"Dataset 2 with Ref 1","RNV","PCA","Random_Forest",10,0.299857468876047,1.54466368940639,1.03309848252143
"Dataset 2 with Ref 1","RNV","Kernel_PCA","Random_Forest",4,-0.00977782991789278,1.85504147151454,1.12944346814756
"Dataset 2 with Ref 2","Raw","None","Random_Forest",9,0.181589723950168,1.66548769499401,0.909242008597428
"Dataset 2 with Ref 2","Raw","VIP","Random_Forest",17,0.184040659718223,1.66299196380995,0.919238808285009
"Dataset 2 with Ref 2","Raw","GA","Random_Forest",4,0.21279201546902,1.63343040996443,0.880574138131871
"Dataset 2 with Ref 2","Raw","PCA","Random_Forest",10,0.227203772294954,1.61840938503236,0.940790155390104
"Dataset 2 with Ref 2","Raw","Kernel_PCA","Random_Forest",4,0.241244242330332,1.60364004015144,0.915716862152189
"Dataset 2 with Ref 2","SNV","None","Random_Forest",9,0.372674578602007,1.45815044586672,0.761902433660029
"Dataset 2 with Ref 2","SNV","VIP","Random_Forest",7,0.378388163450518,1.45149495027391,0.755928666648984
"Dataset 2 with Ref 2","SNV","GA","Random_Forest",2,0.377810142808702,1.45216964712199,0.745303527885076
"Dataset 2 with Ref 2","SNV","PCA","Random_Forest",6,0.19275865662895,1.65408411039188,0.912518865631501
"Dataset 2 with Ref 2","SNV","Kernel_PCA","Random_Forest",10,0.292183998660699,1.54887396455106,0.848595974427066
"Dataset 2 with Ref 2","1st_Der","None","Random_Forest",9,0.353479502539041,1.48029080231923,0.79978587593166
"Dataset 2 with Ref 2","1st_Der","VIP","Random_Forest",7,0.384365870086338,1.44449896743995,0.784242126355639
"Dataset 2 with Ref 2","1st_Der","GA","Random_Forest",3,0.375002202264696,1.45544277652015,0.777073496122386
"Dataset 2 with Ref 2","1st_Der","PCA","Random_Forest",10,0.351663865342227,1.48236791104001,0.877514857521512
"Dataset 2 with Ref 2","1st_Der","Kernel_PCA","Random_Forest",10,0.345981243636955,1.48885016438269,0.847928297247781
"Dataset 2 with Ref 2","2nd_Der","None","Random_Forest",9,0.289383905987379,1.55193458330878,0.875298354131663
"Dataset 2 with Ref 2","2nd_Der","VIP","Random_Forest",5,0.304183231156058,1.53568922425479,0.840073871913761
"Dataset 2 with Ref 2","2nd_Der","GA","Random_Forest",3,0.308307224645784,1.53113157022778,0.834655876986753
"Dataset 2 with Ref 2","2nd_Der","PCA","Random_Forest",10,0.343993060137458,1.49111146122666,0.850477479932952
"Dataset 2 with Ref 2","2nd_Der","Kernel_PCA","Random_Forest",6,0.237531891786461,1.60755830357538,0.912385311881336
"Dataset 2 with Ref 2","EMSC","None","Random_Forest",9,0.27657092534891,1.56586339227665,0.865865036202926
"Dataset 2 with Ref 2","EMSC","VIP","Random_Forest",7,0.260924617978285,1.58270604002614,0.880577005803167
"Dataset 2 with Ref 2","EMSC","GA","Random_Forest",5,0.255318612758182,1.58869723991834,0.833385609257701
"Dataset 2 with Ref 2","EMSC","PCA","Random_Forest",6,0.173836029571647,1.67335858850376,0.94373602966479
"Dataset 2 with Ref 2","EMSC","Kernel_PCA","Random_Forest",4,0.286905620753322,1.55463842653942,0.869011586896273
"Dataset 2 with Ref 2","RNV","None","Random_Forest",10,0.182727248272046,1.66432984569387,0.912492605155106
"Dataset 2 with Ref 2","RNV","VIP","Random_Forest",18,0.176917840263283,1.67023463685188,0.917220317897802
"Dataset 2 with Ref 2","RNV","GA","Random_Forest",3,0.228643273460879,1.61690136259444,0.889559904196702
"Dataset 2 with Ref 2","RNV","PCA","Random_Forest",10,0.228849005021456,1.61668572318107,0.959472879790627
"Dataset 2 with Ref 2","RNV","Kernel_PCA","Random_Forest",4,-0.00624454620666159,1.84674810155775,1.02752730655367
"Dataset 2 with Ref 3","Raw","None","Random_Forest",43,0.447214460388642,0.156687542122424,0.114020835436794
"Dataset 2 with Ref 3","Raw","VIP","Random_Forest",30,0.410377506799686,0.16182408221613,0.118917352988528
"Dataset 2 with Ref 3","Raw","GA","Random_Forest",2,0.419312641734348,0.160593260974219,0.11511388064323
"Dataset 2 with Ref 3","Raw","PCA","Random_Forest",10,0.533354736790836,0.143962560404823,0.104429359575322
"Dataset 2 with Ref 3","Raw","Kernel_PCA","Random_Forest",10,0.473173530247196,0.152964244097517,0.108379427757114
"Dataset 2 with Ref 3","SNV","None","Random_Forest",9,0.689476093770424,0.117436649320056,0.0822500107585611
"Dataset 2 with Ref 3","SNV","VIP","Random_Forest",7,0.699509065194056,0.1155238937844,0.0803897614388667
"Dataset 2 with Ref 3","SNV","GA","Random_Forest",1,0.698653582445074,0.115688222299241,0.0808604746296605
"Dataset 2 with Ref 3","SNV","PCA","Random_Forest",10,0.590352391246451,0.134884281604588,0.0951336565836896
"Dataset 2 with Ref 3","SNV","Kernel_PCA","Random_Forest",10,0.625788470651843,0.128918342483724,0.0892468445087335
"Dataset 2 with Ref 3","1st_Der","None","Random_Forest",9,0.590674400474655,0.134831257345058,0.0968923725349315
"Dataset 2 with Ref 3","1st_Der","VIP","Random_Forest",8,0.58931499715303,0.135054964500459,0.097752084742919
"Dataset 2 with Ref 3","1st_Der","GA","Random_Forest",2,0.466891572303213,0.153873525836477,0.110087682182476
"Dataset 2 with Ref 3","1st_Der","PCA","Random_Forest",10,0.59945082006007,0.133377955083418,0.0968325397960755
"Dataset 2 with Ref 3","1st_Der","Kernel_PCA","Random_Forest",10,0.577838761386339,0.136928959762387,0.0981931038364599
"Dataset 2 with Ref 3","2nd_Der","None","Random_Forest",9,0.642587754222036,0.12599138363195,0.0854961520478187
"Dataset 2 with Ref 3","2nd_Der","VIP","Random_Forest",5,0.644407491178864,0.125670236617299,0.0847010512870024
"Dataset 2 with Ref 3","2nd_Der","GA","Random_Forest",1,0.261437074667684,0.181113107708631,0.127496124416807
"Dataset 2 with Ref 3","2nd_Der","PCA","Random_Forest",10,0.623116495685301,0.129377780322303,0.0894706868798859
"Dataset 2 with Ref 3","2nd_Der","Kernel_PCA","Random_Forest",10,0.615242098276369,0.130722367583567,0.0910079532367495
"Dataset 2 with Ref 3","EMSC","None","Random_Forest",9,0.654927620882759,0.123797316348518,0.0870156587154418
"Dataset 2 with Ref 3","EMSC","VIP","Random_Forest",7,0.636950058017036,0.126981167863906,0.0884350906284043
"Dataset 2 with Ref 3","EMSC","GA","Random_Forest",2,0.608261059790127,0.131902948358596,0.0890599024725897
"Dataset 2 with Ref 3","EMSC","PCA","Random_Forest",10,0.569681244877893,0.13824558437081,0.0948233094760581
"Dataset 2 with Ref 3","EMSC","Kernel_PCA","Random_Forest",4,0.617168161086014,0.130394764983495,0.0920654272273125
"Dataset 2 with Ref 3","RNV","None","Random_Forest",10,0.429524107096756,0.159174971058034,0.113761609832325
"Dataset 2 with Ref 3","RNV","VIP","Random_Forest",17,0.424611110686978,0.159858917181306,0.117691292331018
"Dataset 2 with Ref 3","RNV","GA","Random_Forest",3,0.372849475181407,0.166894500551887,0.120279880507874
"Dataset 2 with Ref 3","RNV","PCA","Random_Forest",10,0.508206074762419,0.147790905880563,0.106841778175345
"Dataset 2 with Ref 3","RNV","Kernel_PCA","Random_Forest",10,0.261793596293455,0.181069388662002,0.125274091999999
"Dataset 2 with Ref 4","Raw","None","Random_Forest",29,0.451637990243566,0.135210820548244,0.0978124220811337
"Dataset 2 with Ref 4","Raw","VIP","Random_Forest",25,0.426628693211956,0.138259743402402,0.0994130980131348
"Dataset 2 with Ref 4","Raw","GA","Random_Forest",2,0.412982364379991,0.139895370588475,0.100801621210736
"Dataset 2 with Ref 4","Raw","PCA","Random_Forest",10,0.547608937562692,0.122810295629747,0.0899351191430436
"Dataset 2 with Ref 4","Raw","Kernel_PCA","Random_Forest",6,0.482987424856853,0.131288994395792,0.093868004120581
"Dataset 2 with Ref 4","SNV","None","Random_Forest",9,0.680913359198423,0.103141176185536,0.0718313815453282
"Dataset 2 with Ref 4","SNV","VIP","Random_Forest",7,0.697122181637325,0.10048737532792,0.0699362715137177
"Dataset 2 with Ref 4","SNV","GA","Random_Forest",2,0.640283792417489,0.109511006797125,0.0773947106647992
"Dataset 2 with Ref 4","SNV","PCA","Random_Forest",10,0.600186314479678,0.115453365318302,0.0817552756426484
"Dataset 2 with Ref 4","SNV","Kernel_PCA","Random_Forest",10,0.638584011559648,0.109769440150948,0.0771399267869098
"Dataset 2 with Ref 4","1st_Der","None","Random_Forest",9,0.600926601302434,0.115346430253629,0.0826979975088202
"Dataset 2 with Ref 4","1st_Der","VIP","Random_Forest",8,0.598764208732927,0.115658512314719,0.0828149876358254
"Dataset 2 with Ref 4","1st_Der","GA","Random_Forest",2,0.406455729076647,0.140670919857757,0.0989418389901219
"Dataset 2 with Ref 4","1st_Der","PCA","Random_Forest",10,0.608237596120483,0.114284977359797,0.0848543831507226
"Dataset 2 with Ref 4","1st_Der","Kernel_PCA","Random_Forest",10,0.591537319282146,0.116695460001564,0.0851393142408118
"Dataset 2 with Ref 4","2nd_Der","None","Random_Forest",9,0.642679528633608,0.109145721923111,0.0763580145286823
"Dataset 2 with Ref 4","2nd_Der","VIP","Random_Forest",5,0.647423320818909,0.108418791016725,0.0748099967228752
"Dataset 2 with Ref 4","2nd_Der","GA","Random_Forest",2,0.559211263788709,0.121225228871322,0.0827009436169175
"Dataset 2 with Ref 4","2nd_Der","PCA","Random_Forest",10,0.620099003295999,0.112541574067356,0.0779108488633023
"Dataset 2 with Ref 4","2nd_Der","Kernel_PCA","Random_Forest",10,0.614021357617267,0.113438220665246,0.0804145845217058
"Dataset 2 with Ref 4","EMSC","None","Random_Forest",9,0.64418353793331,0.108915775282417,0.0763728177577204
"Dataset 2 with Ref 4","EMSC","VIP","Random_Forest",7,0.638980007567419,0.109709287619224,0.076285332710465
"Dataset 2 with Ref 4","EMSC","GA","Random_Forest",2,0.594740102789806,0.116237051131843,0.0833812955723807
"Dataset 2 with Ref 4","EMSC","PCA","Random_Forest",10,0.563752016137519,0.120599216157027,0.0838200122763119
"Dataset 2 with Ref 4","EMSC","Kernel_PCA","Random_Forest",6,0.612327917679096,0.113686797332249,0.0794436021223712
"Dataset 2 with Ref 4","RNV","None","Random_Forest",10,0.432870797378057,0.137505089769707,0.0981361428997055
"Dataset 2 with Ref 4","RNV","VIP","Random_Forest",22,0.42672829035167,0.138247734715484,0.0992416968621384
"Dataset 2 with Ref 4","RNV","GA","Random_Forest",3,0.465203639205465,0.133527891211959,0.097217675858782
"Dataset 2 with Ref 4","RNV","PCA","Random_Forest",10,0.514777777866653,0.127188577422258,0.0922061499216881
"Dataset 2 with Ref 4","RNV","Kernel_PCA","Random_Forest",4,0.254854709004425,0.157615255117341,0.109117497363425
"Dataset 3 with Ref 1","Raw","None","Random_Forest",62,0.249318907402609,1.59944181657963,1.01064464022572
"Dataset 3 with Ref 1","Raw","VIP","Random_Forest",8,0.271184614392713,1.57597554327882,1.01794776881333
"Dataset 3 with Ref 1","Raw","GA","Random_Forest",4,0.27790446287678,1.56869328664226,0.998913692886615
"Dataset 3 with Ref 1","Raw","PCA","Random_Forest",10,0.239446289492608,1.60992502891689,1.05376348799987
"Dataset 3 with Ref 1","Raw","Kernel_PCA","Random_Forest",6,0.317673894867376,1.5248836263861,1.00684011246689
"Dataset 3 with Ref 1","SNV","None","Random_Forest",13,0.389032446869892,1.44294501064601,0.925105130127613
"Dataset 3 with Ref 1","SNV","VIP","Random_Forest",8,0.43058232234585,1.39301624279327,0.896276719694591
"Dataset 3 with Ref 1","SNV","GA","Random_Forest",4,0.44719051044997,1.37255087912026,0.863721039038085
"Dataset 3 with Ref 1","SNV","PCA","Random_Forest",10,0.335670562803063,1.50463949031801,0.948081049998738
"Dataset 3 with Ref 1","SNV","Kernel_PCA","Random_Forest",10,0.34818667581467,1.49039822441598,0.925456634898476
"Dataset 3 with Ref 1","1st_Der","None","Random_Forest",13,0.489737677478735,1.31867404513109,0.848597536555888
"Dataset 3 with Ref 1","1st_Der","VIP","Random_Forest",10,0.516083881230347,1.2841795558249,0.812476168395417
"Dataset 3 with Ref 1","1st_Der","GA","Random_Forest",13,0.436124170219737,1.38622091505605,0.873003638588941
"Dataset 3 with Ref 1","1st_Der","PCA","Random_Forest",6,0.376023719986817,1.45822569928765,0.937981109396779
"Dataset 3 with Ref 1","1st_Der","Kernel_PCA","Random_Forest",10,0.498392402072817,1.30744298917974,0.868228232214551
"Dataset 3 with Ref 1","2nd_Der","None","Random_Forest",13,0.429108475358333,1.39481787809907,0.891083200375446
"Dataset 3 with Ref 1","2nd_Der","VIP","Random_Forest",8,0.451665462941724,1.36698424122642,0.87903568814504
"Dataset 3 with Ref 1","2nd_Der","GA","Random_Forest",4,0.364353223812797,1.47179943502447,0.911326794586639
"Dataset 3 with Ref 1","2nd_Der","PCA","Random_Forest",10,0.462003721315257,1.35403641212023,0.882056339126321
"Dataset 3 with Ref 1","2nd_Der","Kernel_PCA","Random_Forest",10,0.343418080347417,1.49584008528482,0.969430615547452
"Dataset 3 with Ref 1","EMSC","None","Random_Forest",13,0.505513832388288,1.29812878824812,0.827055721849535
"Dataset 3 with Ref 1","EMSC","VIP","Random_Forest",10,0.495416227923338,1.31131596005183,0.845852577766638
"Dataset 3 with Ref 1","EMSC","GA","Random_Forest",6,0.450442831238333,1.36850738773036,0.846018020341185
"Dataset 3 with Ref 1","EMSC","PCA","Random_Forest",10,0.303356617642924,1.54079892046741,0.936394990282048
"Dataset 3 with Ref 1","EMSC","Kernel_PCA","Random_Forest",10,0.361020211127744,1.47565307878163,0.924524262642929
"Dataset 3 with Ref 1","RNV","None","Random_Forest",67,0.308329597925761,1.5352895836299,0.974134051757574
"Dataset 3 with Ref 1","RNV","VIP","Random_Forest",8,0.271601371676871,1.57552488511404,1.01789160009083
"Dataset 3 with Ref 1","RNV","GA","Random_Forest",6,0.268581750249389,1.57878722533258,1.00750884591311
"Dataset 3 with Ref 1","RNV","PCA","Random_Forest",10,0.257767718234686,1.59041560040646,1.04175474268437
"Dataset 3 with Ref 1","RNV","Kernel_PCA","Random_Forest",4,0.104104094489916,1.7473080727162,1.11567728231324
"Dataset 3 with Ref 2","Raw","None","Random_Forest",13,0.0775579504226671,1.76817578037657,0.977038615696945
"Dataset 3 with Ref 2","Raw","VIP","Random_Forest",8,0.138160181988888,1.70910666990338,0.941396223896406
"Dataset 3 with Ref 2","Raw","GA","Random_Forest",4,0.109073853270907,1.73770777322207,0.966658839065126
"Dataset 3 with Ref 2","Raw","PCA","Random_Forest",6,0.118745331798075,1.72825016396569,1.00947484464998
"Dataset 3 with Ref 2","Raw","Kernel_PCA","Random_Forest",6,0.168897042590983,1.67835298509239,0.97097290790746
"Dataset 3 with Ref 2","SNV","None","Random_Forest",13,0.253473832608424,1.59066384223307,0.840873782031078
"Dataset 3 with Ref 2","SNV","VIP","Random_Forest",49,0.284534239391031,1.55722124083437,0.814644063005303
"Dataset 3 with Ref 2","SNV","GA","Random_Forest",6,0.258910008738535,1.58486168231841,0.808818817199766
"Dataset 3 with Ref 2","SNV","PCA","Random_Forest",10,0.19248979329726,1.65435954570272,0.91298574698234
"Dataset 3 with Ref 2","SNV","Kernel_PCA","Random_Forest",4,0.255370057508877,1.58864236306334,0.881741292868498
"Dataset 3 with Ref 2","1st_Der","None","Random_Forest",64,0.375250726487281,1.45515337650075,0.778812057480745
"Dataset 3 with Ref 2","1st_Der","VIP","Random_Forest",9,0.413806628295101,1.40953655438737,0.764856821271134
"Dataset 3 with Ref 2","1st_Der","GA","Random_Forest",6,0.298477042408986,1.54197323514194,0.840333737833522
"Dataset 3 with Ref 2","1st_Der","PCA","Random_Forest",6,0.25604447103585,1.58792278106636,0.910727525816952
"Dataset 3 with Ref 2","1st_Der","Kernel_PCA","Random_Forest",10,0.370980271586162,1.46011823527135,0.840493369985754
"Dataset 3 with Ref 2","2nd_Der","None","Random_Forest",13,0.293615524315839,1.54730690826739,0.862990906919365
"Dataset 3 with Ref 2","2nd_Der","VIP","Random_Forest",8,0.316304034014631,1.52225496839651,0.837125104411672
"Dataset 3 with Ref 2","2nd_Der","GA","Random_Forest",4,0.23829183705071,1.6067569842402,0.884362661598734
"Dataset 3 with Ref 2","2nd_Der","PCA","Random_Forest",10,0.330373888012131,1.50651021840376,0.860772252625811
"Dataset 3 with Ref 2","2nd_Der","Kernel_PCA","Random_Forest",10,0.213291617225925,1.63291199917678,0.914710201602478
"Dataset 3 with Ref 2","EMSC","None","Random_Forest",13,0.35082064074827,1.48333158007709,0.773485527355374
"Dataset 3 with Ref 2","EMSC","VIP","Random_Forest",10,0.327134481969254,1.51014979450287,0.788409616538201
"Dataset 3 with Ref 2","EMSC","GA","Random_Forest",4,0.370743748628031,1.46039272509266,0.776689742702645
"Dataset 3 with Ref 2","EMSC","PCA","Random_Forest",6,0.17650796858217,1.67065044994293,0.931531182920618
"Dataset 3 with Ref 2","EMSC","Kernel_PCA","Random_Forest",10,0.198835445822689,1.64784650335887,0.894901591330564
"Dataset 3 with Ref 2","RNV","None","Random_Forest",14,0.128130133679401,1.719023150076,0.951811577611984
"Dataset 3 with Ref 2","RNV","VIP","Random_Forest",8,0.151700411719077,1.69562776614029,0.936935686645718
"Dataset 3 with Ref 2","RNV","GA","Random_Forest",4,0.176674414458983,1.67048160378476,0.929447725181462
"Dataset 3 with Ref 2","RNV","PCA","Random_Forest",6,0.129179556133426,1.71798829113203,0.989805778985266
"Dataset 3 with Ref 2","RNV","Kernel_PCA","Random_Forest",4,0.0279676604378393,1.81508199420395,1.01465623052792
"Dataset 3 with Ref 3","Raw","None","Random_Forest",62,0.403541492058001,0.162759463665369,0.116122590577374
"Dataset 3 with Ref 3","Raw","VIP","Random_Forest",9,0.407108688506197,0.162272031883292,0.117408997865502
"Dataset 3 with Ref 3","Raw","GA","Random_Forest",7,0.427390557706223,0.15947234622363,0.114137540385787
"Dataset 3 with Ref 3","Raw","PCA","Random_Forest",10,0.469894758996518,0.153439501959706,0.110041759724257
"Dataset 3 with Ref 3","Raw","Kernel_PCA","Random_Forest",10,0.482657748355127,0.151581117906289,0.111181045826931
"Dataset 3 with Ref 3","SNV","None","Random_Forest",62,0.658218711680654,0.123205550179425,0.0855940282053024
"Dataset 3 with Ref 3","SNV","VIP","Random_Forest",9,0.652611059418531,0.124212163210188,0.0869588160673221
"Dataset 3 with Ref 3","SNV","GA","Random_Forest",9,0.657906098340497,0.123261882835316,0.0857738145160828
"Dataset 3 with Ref 3","SNV","PCA","Random_Forest",10,0.560256509338343,0.139751294993025,0.0981581832540923
"Dataset 3 with Ref 3","SNV","Kernel_PCA","Random_Forest",10,0.533877638147983,0.143881878863289,0.101526679653871
"Dataset 3 with Ref 3","1st_Der","None","Random_Forest",64,0.615111967974929,0.130744471746903,0.0958590164199526
"Dataset 3 with Ref 3","1st_Der","VIP","Random_Forest",10,0.619963847539841,0.129917778988128,0.0962343875117903
"Dataset 3 with Ref 3","1st_Der","GA","Random_Forest",11,0.634069410917206,0.127483943325612,0.09331110181007
"Dataset 3 with Ref 3","1st_Der","PCA","Random_Forest",10,0.565495490702855,0.138916321645873,0.0991274822026942
"Dataset 3 with Ref 3","1st_Der","Kernel_PCA","Random_Forest",10,0.609755629342683,0.131651088636405,0.0929825963834148
"Dataset 3 with Ref 3","2nd_Der","None","Random_Forest",13,0.627806253216952,0.128570302976654,0.0903876532660833
"Dataset 3 with Ref 3","2nd_Der","VIP","Random_Forest",8,0.636237742984021,0.127105677278577,0.0878433650642466
"Dataset 3 with Ref 3","2nd_Der","GA","Random_Forest",13,0.57162068084243,0.137933697846474,0.100451150802062
"Dataset 3 with Ref 3","2nd_Der","PCA","Random_Forest",10,0.61389485151386,0.130951032656059,0.0937307872968687
"Dataset 3 with Ref 3","2nd_Der","Kernel_PCA","Random_Forest",10,0.570652359325247,0.138089504591418,0.0992531809362874
"Dataset 3 with Ref 3","EMSC","None","Random_Forest",13,0.698436020295837,0.115729976299942,0.083094418906711
"Dataset 3 with Ref 3","EMSC","VIP","Random_Forest",56,0.692111459566916,0.11693725463801,0.0850470081002819
"Dataset 3 with Ref 3","EMSC","GA","Random_Forest",7,0.690702511081258,0.117204511267794,0.0832410221047958
"Dataset 3 with Ref 3","EMSC","PCA","Random_Forest",10,0.548873819973938,0.141548459336933,0.100901169038694
"Dataset 3 with Ref 3","EMSC","Kernel_PCA","Random_Forest",10,0.568488882775386,0.138436982914834,0.0971633160645406
"Dataset 3 with Ref 3","RNV","None","Random_Forest",67,0.418381740372144,0.160721933156162,0.115327431343641
"Dataset 3 with Ref 3","RNV","VIP","Random_Forest",9,0.419997346030927,0.160498553101529,0.116501648141379
"Dataset 3 with Ref 3","RNV","GA","Random_Forest",4,0.406748785065805,0.162321276492813,0.116978550115644
"Dataset 3 with Ref 3","RNV","PCA","Random_Forest",10,0.485600478279615,0.151149393626954,0.108771837600141
"Dataset 3 with Ref 3","RNV","Kernel_PCA","Random_Forest",4,0.315631629710456,0.174341627504235,0.12211336360149
"Dataset 3 with Ref 4","Raw","None","Random_Forest",93,0.404499047107241,0.140902597419835,0.10211863865715
"Dataset 3 with Ref 4","Raw","VIP","Random_Forest",9,0.399900020482859,0.141445643115025,0.102019683723757
"Dataset 3 with Ref 4","Raw","GA","Random_Forest",4,0.382980554643528,0.143425771335276,0.104070036380686
"Dataset 3 with Ref 4","Raw","PCA","Random_Forest",10,0.469672445476036,0.132968835375037,0.0955168054463465
"Dataset 3 with Ref 4","Raw","Kernel_PCA","Random_Forest",10,0.484414196395874,0.131107713686167,0.093880895759309
"Dataset 3 with Ref 4","SNV","None","Random_Forest",62,0.658819893780989,0.106652150952132,0.073068174915845
"Dataset 3 with Ref 4","SNV","VIP","Random_Forest",9,0.647429510691629,0.108417839306783,0.0752753906991191
"Dataset 3 with Ref 4","SNV","GA","Random_Forest",8,0.667010554541956,0.105364182705881,0.0721814394856467
"Dataset 3 with Ref 4","SNV","PCA","Random_Forest",10,0.568451072602828,0.119947938804561,0.0856762513482552
"Dataset 3 with Ref 4","SNV","Kernel_PCA","Random_Forest",10,0.529942444043023,0.125185286538054,0.0878250242119032
"Dataset 3 with Ref 4","1st_Der","None","Random_Forest",13,0.625219693964794,0.111780526123954,0.0806800882199827
"Dataset 3 with Ref 4","1st_Der","VIP","Random_Forest",10,0.621096825889544,0.112393679798944,0.0814936372256864
"Dataset 3 with Ref 4","1st_Der","GA","Random_Forest",7,0.57462976186389,0.119086167518771,0.0867088756009296
"Dataset 3 with Ref 4","1st_Der","PCA","Random_Forest",10,0.5668475400618,0.120170581093003,0.0862582082150217
"Dataset 3 with Ref 4","1st_Der","Kernel_PCA","Random_Forest",10,0.608547561815034,0.114239756797753,0.08177750789512
"Dataset 3 with Ref 4","2nd_Der","None","Random_Forest",13,0.628951037292896,0.11122268615308,0.0796373255980243
"Dataset 3 with Ref 4","2nd_Der","VIP","Random_Forest",8,0.644418956375414,0.108879738410258,0.0759880164727318
"Dataset 3 with Ref 4","2nd_Der","GA","Random_Forest",4,0.56051456353196,0.121045880176872,0.0863841335127213
"Dataset 3 with Ref 4","2nd_Der","PCA","Random_Forest",10,0.60675387697108,0.114501188207513,0.0830903163150719
"Dataset 3 with Ref 4","2nd_Der","Kernel_PCA","Random_Forest",10,0.5604980483289,0.121048154516753,0.0864689992415282
"Dataset 3 with Ref 4","EMSC","None","Random_Forest",13,0.691978360356736,0.101337079245662,0.0719344174698757
"Dataset 3 with Ref 4","EMSC","VIP","Random_Forest",10,0.694348780215805,0.100946399946878,0.0713250061262401
"Dataset 3 with Ref 4","EMSC","GA","Random_Forest",5,0.676747106077366,0.103812339762975,0.0737788119014906
"Dataset 3 with Ref 4","EMSC","PCA","Random_Forest",10,0.562534030415986,0.120767452739512,0.0857631062671507
"Dataset 3 with Ref 4","EMSC","Kernel_PCA","Random_Forest",10,0.567063991327085,0.120140552030428,0.0857499823719433
"Dataset 3 with Ref 4","RNV","None","Random_Forest",14,0.416571924258724,0.139466990923912,0.101355712885201
"Dataset 3 with Ref 4","RNV","VIP","Random_Forest",9,0.403310396734104,0.141043151713554,0.101632994724539
"Dataset 3 with Ref 4","RNV","GA","Random_Forest",7,0.437541606721755,0.136937681211464,0.0991639467112989
"Dataset 3 with Ref 4","RNV","PCA","Random_Forest",10,0.479059869740852,0.131786728104181,0.0943377040923239
"Dataset 3 with Ref 4","RNV","Kernel_PCA","Random_Forest",4,0.312627163318253,0.151381899932831,0.107635179011458
