"Dataset","Preprocessing","Var_Selection","Model_Method","Best_Depth","Best_Eta","Best_Nrounds","R2","RMSE","MAE"
"Dataset 1 with Ref 1","Raw","None","XGBoost",3,0.05,100,0.0345369039297637,1.81387997587615,1.18610769041058
"Dataset 1 with Ref 1","Raw","VIP","XGBoost",3,0.05,100,0.108928145429857,1.74259743579319,1.08507989288736
"Dataset 1 with Ref 1","Raw","GA","XGBoost",3,0.05,100,-0.147061791510019,1.97712493964013,1.26948073470102
"Dataset 1 with Ref 1","Raw","PCA","XGBoost",3,0.05,100,-0.0211347879394908,1.8654441172541,1.1848834707937
"Dataset 1 with Ref 1","Raw","Kernel_PCA","XGBoost",3,0.1,100,-0.115727145982326,1.94993308166404,1.29965724029243
"Dataset 1 with Ref 1","SNV","None","XGBoost",3,0.05,100,0.267647970122558,1.57979469944632,0.978486128080914
"Dataset 1 with Ref 1","SNV","VIP","XGBoost",3,0.05,100,0.355958410610722,1.48148638310384,0.927285747731973
"Dataset 1 with Ref 1","SNV","GA","XGBoost",3,0.05,100,0.233763900834822,1.61592802099352,1.01925110540911
"Dataset 1 with Ref 1","SNV","PCA","XGBoost",3,0.05,100,0.329283800017203,1.51185487819296,0.956677783624731
"Dataset 1 with Ref 1","SNV","Kernel_PCA","XGBoost",3,0.05,100,0.205142268210874,1.64583164749052,0.978416584924114
"Dataset 1 with Ref 1","1st_Der","None","XGBoost",3,0.05,100,0.193227734237144,1.65812087761449,1.03070536544332
"Dataset 1 with Ref 1","1st_Der","VIP","XGBoost",3,0.05,100,0.243803994440263,1.60530625166437,0.970815607580527
"Dataset 1 with Ref 1","1st_Der","GA","XGBoost",3,0.05,100,0.302666432037697,1.54156198949092,0.97705893636113
"Dataset 1 with Ref 1","1st_Der","PCA","XGBoost",3,0.05,100,0.233772766928901,1.61591867204004,1.06495896116203
"Dataset 1 with Ref 1","1st_Der","Kernel_PCA","XGBoost",3,0.05,100,0.363332940830421,1.47298016139426,0.885524741977604
"Dataset 1 with Ref 1","2nd_Der","None","XGBoost",3,0.1,100,0.0926985510669702,1.75839528168678,1.15191834822732
"Dataset 1 with Ref 1","2nd_Der","VIP","XGBoost",3,0.05,100,0.292442194385335,1.55282198319624,1.0041507923587
"Dataset 1 with Ref 1","2nd_Der","GA","XGBoost",3,0.05,100,0.146845442291932,1.70511849503799,1.08988046722217
"Dataset 1 with Ref 1","2nd_Der","PCA","XGBoost",3,0.05,100,-0.0536151361974166,1.89487998303771,1.15890355455398
"Dataset 1 with Ref 1","2nd_Der","Kernel_PCA","XGBoost",3,0.05,100,0.529071757463211,1.26682923131997,0.775201195381492
"Dataset 1 with Ref 1","EMSC","None","XGBoost",3,0.05,100,0.139321727022333,1.71262045735755,1.04376506323499
"Dataset 1 with Ref 1","EMSC","VIP","XGBoost",3,0.05,100,0.36232482092659,1.47414588312907,0.896011699691057
"Dataset 1 with Ref 1","EMSC","GA","XGBoost",3,0.05,100,0.230445350636421,1.61942351314259,0.990751875322396
"Dataset 1 with Ref 1","EMSC","PCA","XGBoost",3,0.05,100,0.374424825523105,1.46009280335544,0.900076882704061
"Dataset 1 with Ref 1","EMSC","Kernel_PCA","XGBoost",3,0.05,100,0.418479514217749,1.40774248250801,0.86259419722967
"Dataset 1 with Ref 1","RNV","None","XGBoost",3,0.1,100,-0.268062553116553,2.07879204566288,1.30057469653275
"Dataset 1 with Ref 1","RNV","VIP","XGBoost",3,0.05,100,0.0881682259332323,1.76277981289186,1.07888491627349
"Dataset 1 with Ref 1","RNV","GA","XGBoost",3,0.05,100,-0.0443802890343905,1.88655747534339,1.20090974292059
"Dataset 1 with Ref 1","RNV","PCA","XGBoost",3,0.05,100,0.0380548431513339,1.81057226633934,1.18544971575088
"Dataset 1 with Ref 1","RNV","Kernel_PCA","XGBoost",3,0.05,100,-0.0667917650867602,1.90669195795443,1.26138490765411
"Dataset 1 with Ref 2","Raw","None","XGBoost",3,0.1,100,-0.2935603433542,2.0938677020487,1.14600863398178
"Dataset 1 with Ref 2","Raw","VIP","XGBoost",3,0.05,100,-0.251220221500758,2.05931493302564,1.08811587019673
"Dataset 1 with Ref 2","Raw","GA","XGBoost",3,0.05,100,-0.386697420756423,2.16793743858829,1.1688544445236
"Dataset 1 with Ref 2","Raw","PCA","XGBoost",3,0.1,100,-0.103166763627912,1.93364380431061,1.08798809235414
"Dataset 1 with Ref 2","Raw","Kernel_PCA","XGBoost",3,0.05,100,-0.22101289772441,2.03430476903694,1.12783832206071
"Dataset 1 with Ref 2","SNV","None","XGBoost",3,0.05,100,0.175824333998398,1.67134376417293,0.805957908525081
"Dataset 1 with Ref 2","SNV","VIP","XGBoost",6,0.05,100,0.283892161321191,1.55791983008877,0.744425186401394
"Dataset 1 with Ref 2","SNV","GA","XGBoost",3,0.1,200,0.0921880681425462,1.75409792488279,0.878815269981622
"Dataset 1 with Ref 2","SNV","PCA","XGBoost",6,0.05,100,0.090020732019564,1.75619056834975,0.853588565446953
"Dataset 1 with Ref 2","SNV","Kernel_PCA","XGBoost",3,0.05,100,0.045850237382892,1.79830836633707,0.917302241482226
"Dataset 1 with Ref 2","1st_Der","None","XGBoost",3,0.05,100,0.136297775608062,1.71095233387735,0.858768889508832
"Dataset 1 with Ref 2","1st_Der","VIP","XGBoost",3,0.05,100,0.221138303585734,1.62474820033905,0.784359088732148
"Dataset 1 with Ref 2","1st_Der","GA","XGBoost",3,0.05,100,0.132094410859185,1.7151106118995,0.872849346641549
"Dataset 1 with Ref 2","1st_Der","PCA","XGBoost",3,0.1,100,0.0291748219368749,1.81395457399768,1.00560928638221
"Dataset 1 with Ref 2","1st_Der","Kernel_PCA","XGBoost",3,0.05,100,0.211645895923598,1.63461905746129,0.808273565537776
"Dataset 1 with Ref 2","2nd_Der","None","XGBoost",3,0.05,100,-0.373023801568907,2.15722241576959,1.17801754178725
"Dataset 1 with Ref 2","2nd_Der","VIP","XGBoost",3,0.05,100,-0.00306848070720189,1.84383130136801,0.988395350491918
"Dataset 1 with Ref 2","2nd_Der","GA","XGBoost",3,0.05,100,-0.230139543587924,2.04189347428234,1.08603330735745
"Dataset 1 with Ref 2","2nd_Der","PCA","XGBoost",3,0.1,100,-0.209686337618416,2.02484730944899,1.10356543788253
"Dataset 1 with Ref 2","2nd_Der","Kernel_PCA","XGBoost",3,0.1,100,0.355053939757719,1.47848726663468,0.727738373257288
"Dataset 1 with Ref 2","EMSC","None","XGBoost",3,0.05,100,0.0197719428423186,1.8227178894788,0.882524627274943
"Dataset 1 with Ref 2","EMSC","VIP","XGBoost",3,0.1,100,0.127640959172519,1.71950532317165,0.838768100624631
"Dataset 1 with Ref 2","EMSC","GA","XGBoost",3,0.1,100,0.000507678761911046,1.84054153476079,0.909750024653613
"Dataset 1 with Ref 2","EMSC","PCA","XGBoost",3,0.1,100,0.258236773510197,1.58558139417288,0.830271779976043
"Dataset 1 with Ref 2","EMSC","Kernel_PCA","XGBoost",3,0.05,100,0.183040049161013,1.66401131453193,0.802589423971793
"Dataset 1 with Ref 2","RNV","None","XGBoost",3,0.05,100,-0.402295886514881,2.18009651925285,1.17631623472054
"Dataset 1 with Ref 2","RNV","VIP","XGBoost",3,0.05,100,-0.240106384606644,2.0501487049386,1.07846101071154
"Dataset 1 with Ref 2","RNV","GA","XGBoost",3,0.05,100,-0.136611368475689,1.96273600453341,1.03547212825373
"Dataset 1 with Ref 2","RNV","PCA","XGBoost",3,0.05,100,-0.00761477677924915,1.84800505736014,1.05221824811994
"Dataset 1 with Ref 2","RNV","Kernel_PCA","XGBoost",3,0.05,100,-0.151752848648664,1.9757661429317,1.0878432615076
"Dataset 1 with Ref 3","Raw","None","XGBoost",3,0.05,100,0.126186789869356,0.196999640749668,0.138401228014734
"Dataset 1 with Ref 3","Raw","VIP","XGBoost",3,0.1,100,0.380135027103118,0.165922269431153,0.11663906922994
"Dataset 1 with Ref 3","Raw","GA","XGBoost",3,0.05,100,0.118900771610568,0.197819245748004,0.138099655353939
"Dataset 1 with Ref 3","Raw","PCA","XGBoost",3,0.05,100,0.296788259523997,0.176725487208097,0.12574963136372
"Dataset 1 with Ref 3","Raw","Kernel_PCA","XGBoost",3,0.05,100,0.327489692619087,0.172824617235304,0.122014963658028
"Dataset 1 with Ref 3","SNV","None","XGBoost",3,0.05,100,0.514942922398167,0.14677515717572,0.101516293463775
"Dataset 1 with Ref 3","SNV","VIP","XGBoost",3,0.05,100,0.559764257667775,0.13982949236135,0.0971032995410641
"Dataset 1 with Ref 3","SNV","GA","XGBoost",3,0.05,100,0.590690044253823,0.134828680801383,0.0937321225272244
"Dataset 1 with Ref 3","SNV","PCA","XGBoost",3,0.05,100,0.450773564628875,0.156182311982738,0.111553204670135
"Dataset 1 with Ref 3","SNV","Kernel_PCA","XGBoost",3,0.05,100,0.449184924962325,0.156408027861404,0.106276306444736
"Dataset 1 with Ref 3","1st_Der","None","XGBoost",3,0.05,100,0.506927959160752,0.147982827012353,0.105678595564014
"Dataset 1 with Ref 3","1st_Der","VIP","XGBoost",3,0.05,100,0.511490533498293,0.147296566396327,0.108233427210787
"Dataset 1 with Ref 3","1st_Der","GA","XGBoost",3,0.1,100,0.537827405284203,0.143270978177509,0.10365969415162
"Dataset 1 with Ref 3","1st_Der","PCA","XGBoost",3,0.1,100,0.374910991673866,0.16661997397875,0.117799026099588
"Dataset 1 with Ref 3","1st_Der","Kernel_PCA","XGBoost",3,0.1,100,0.480760064788052,0.151858873773399,0.111613845154559
"Dataset 1 with Ref 3","2nd_Der","None","XGBoost",3,0.1,100,0.484026920728503,0.151380401478208,0.108901903509469
"Dataset 1 with Ref 3","2nd_Der","VIP","XGBoost",3,0.1,100,0.517861762560452,0.146332879672686,0.105340142142235
"Dataset 1 with Ref 3","2nd_Der","GA","XGBoost",3,0.1,100,0.414155243611063,0.161304842235097,0.116576388430442
"Dataset 1 with Ref 3","2nd_Der","PCA","XGBoost",6,0.05,100,0.369087424235665,0.167394322219315,0.121337249560647
"Dataset 1 with Ref 3","2nd_Der","Kernel_PCA","XGBoost",3,0.05,100,0.636722710269987,0.127020920472249,0.0900791027673583
"Dataset 1 with Ref 3","EMSC","None","XGBoost",3,0.05,100,0.568481327456494,0.138438194854611,0.0942353796636297
"Dataset 1 with Ref 3","EMSC","VIP","XGBoost",3,0.05,100,0.636449643907415,0.127068650713262,0.087846101618769
"Dataset 1 with Ref 3","EMSC","GA","XGBoost",3,0.1,200,0.60340027642604,0.132718765919714,0.0940262046772928
"Dataset 1 with Ref 3","EMSC","PCA","XGBoost",3,0.05,100,0.478711839563936,0.152158094827331,0.109248628967301
"Dataset 1 with Ref 3","EMSC","Kernel_PCA","XGBoost",3,0.05,100,0.652802033170323,0.124178016291438,0.0868706540984544
"Dataset 1 with Ref 3","RNV","None","XGBoost",3,0.05,100,0.130813967585052,0.196477353893579,0.139751451108586
"Dataset 1 with Ref 3","RNV","VIP","XGBoost",3,0.1,100,0.388663126966756,0.164776937453746,0.114885961342818
"Dataset 1 with Ref 3","RNV","GA","XGBoost",3,0.05,100,0.154911998165478,0.19373455927148,0.135789441038799
"Dataset 1 with Ref 3","RNV","PCA","XGBoost",3,0.05,100,0.287448146794672,0.177895256574316,0.129794716730342
"Dataset 1 with Ref 3","RNV","Kernel_PCA","XGBoost",3,0.05,100,0.249332674383892,0.182591218787335,0.1327452225527
"Dataset 1 with Ref 4","Raw","None","XGBoost",3,0.05,100,0.125769733581761,0.170722470854577,0.119410750879234
"Dataset 1 with Ref 4","Raw","VIP","XGBoost",3,0.05,100,0.380496001724297,0.143714247585355,0.104123760687275
"Dataset 1 with Ref 4","Raw","GA","XGBoost",3,0.05,100,0.142125829421135,0.169117895116378,0.119660498011844
"Dataset 1 with Ref 4","Raw","PCA","XGBoost",3,0.05,100,0.273656616959651,0.155614033917807,0.110290426183708
"Dataset 1 with Ref 4","Raw","Kernel_PCA","XGBoost",3,0.05,100,0.342348270816282,0.148072957869185,0.106072228168973
"Dataset 1 with Ref 4","SNV","None","XGBoost",3,0.05,100,0.538377839149602,0.124056948237746,0.0843501344214707
"Dataset 1 with Ref 4","SNV","VIP","XGBoost",3,0.05,100,0.562536078967967,0.120767169976153,0.0834547903813152
"Dataset 1 with Ref 4","SNV","GA","XGBoost",3,0.05,100,0.557959635518566,0.121397217575196,0.0850197053794464
"Dataset 1 with Ref 4","SNV","PCA","XGBoost",3,0.05,100,0.469843826853687,0.132947348443634,0.0963122329204431
"Dataset 1 with Ref 4","SNV","Kernel_PCA","XGBoost",3,0.05,100,0.440401945127978,0.136589044442405,0.0958601490576224
"Dataset 1 with Ref 4","1st_Der","None","XGBoost",3,0.1,100,0.53911446709294,0.123957927536772,0.0882106645273991
"Dataset 1 with Ref 4","1st_Der","VIP","XGBoost",3,0.05,100,0.516418559364221,0.126973350898844,0.0911978834220147
"Dataset 1 with Ref 4","1st_Der","GA","XGBoost",3,0.05,100,0.569639173704758,0.119782710146766,0.0855308492020138
"Dataset 1 with Ref 4","1st_Der","PCA","XGBoost",3,0.1,100,0.372393586376456,0.144651004941297,0.102680488563774
"Dataset 1 with Ref 4","1st_Der","Kernel_PCA","XGBoost",3,0.05,100,0.491794121322527,0.130166015492872,0.0926122515897117
"Dataset 1 with Ref 4","2nd_Der","None","XGBoost",3,0.05,100,0.470702354879049,0.132839658222727,0.0971497320882946
"Dataset 1 with Ref 4","2nd_Der","VIP","XGBoost",3,0.05,100,0.50514643378346,0.128444679927549,0.0929492825507609
"Dataset 1 with Ref 4","2nd_Der","GA","XGBoost",3,0.05,100,0.427809991678636,0.138117243915979,0.101501083187999
"Dataset 1 with Ref 4","2nd_Der","PCA","XGBoost",3,0.05,100,0.321079228681335,0.150448311038182,0.10834642223731
"Dataset 1 with Ref 4","2nd_Der","Kernel_PCA","XGBoost",3,0.05,100,0.632993128503547,0.110615214664175,0.0794198535997627
"Dataset 1 with Ref 4","EMSC","None","XGBoost",3,0.05,100,0.585160178289666,0.117602888321774,0.0804257624409288
"Dataset 1 with Ref 4","EMSC","VIP","XGBoost",3,0.05,100,0.625396080325183,0.11175421887109,0.0762553736514393
"Dataset 1 with Ref 4","EMSC","GA","XGBoost",3,0.05,100,0.588857326795603,0.117077663391229,0.0815428907920749
"Dataset 1 with Ref 4","EMSC","PCA","XGBoost",3,0.05,100,0.529239479958252,0.125278857934668,0.0899466349067329
"Dataset 1 with Ref 4","EMSC","Kernel_PCA","XGBoost",3,0.1,100,0.642230601846313,0.109214264116788,0.0753526409953468
"Dataset 1 with Ref 4","RNV","None","XGBoost",3,0.05,100,0.146383247502784,0.168697727954684,0.122038036721613
"Dataset 1 with Ref 4","RNV","VIP","XGBoost",3,0.05,100,0.376715233928445,0.144152117008591,0.104379510227541
"Dataset 1 with Ref 4","RNV","GA","XGBoost",3,0.05,100,0.203177347509058,0.162989116126905,0.115176663895804
"Dataset 1 with Ref 4","RNV","PCA","XGBoost",6,0.1,100,0.275741450675065,0.155390542845705,0.109931002657368
"Dataset 1 with Ref 4","RNV","Kernel_PCA","XGBoost",3,0.05,100,0.259241088345772,0.157150660658365,0.11494146980982
"Dataset 2 with Ref 1","Raw","None","XGBoost",3,0.05,100,0.0742275231439588,1.77620398492192,1.14441830648374
"Dataset 2 with Ref 1","Raw","VIP","XGBoost",3,0.05,100,0.167821335988082,1.68402678937663,1.0410701964781
"Dataset 2 with Ref 1","Raw","GA","XGBoost",3,0.1,100,0.129079084361075,1.72278097756501,1.10364564764047
"Dataset 2 with Ref 1","Raw","PCA","XGBoost",3,0.1,200,0.0954088211929012,1.75576699835831,1.1280734160116
"Dataset 2 with Ref 1","Raw","Kernel_PCA","XGBoost",3,0.05,100,0.307337969708998,1.53638973999757,0.979584214142531
"Dataset 2 with Ref 1","SNV","None","XGBoost",3,0.05,100,0.403873489393567,1.42531194725876,0.866798387449933
"Dataset 2 with Ref 1","SNV","VIP","XGBoost",3,0.1,100,0.395370236239404,1.4354414029408,0.870869935167283
"Dataset 2 with Ref 1","SNV","GA","XGBoost",3,0.05,100,0.40152468540058,1.42811712968257,0.905964757185761
"Dataset 2 with Ref 1","SNV","PCA","XGBoost",3,0.05,100,0.264255824401086,1.58344915969362,1.01268468519374
"Dataset 2 with Ref 1","SNV","Kernel_PCA","XGBoost",3,0.05,100,0.26206084407613,1.58580938996514,1.02290092023007
"Dataset 2 with Ref 1","1st_Der","None","XGBoost",3,0.05,100,0.288921719755394,1.55668024560441,0.959312130915238
"Dataset 2 with Ref 1","1st_Der","VIP","XGBoost",3,0.05,100,0.287688120960116,1.55802994703297,0.953635289359584
"Dataset 2 with Ref 1","1st_Der","GA","XGBoost",3,0.05,100,-0.0315445012454065,1.87492841816234,1.19600980444621
"Dataset 2 with Ref 1","1st_Der","PCA","XGBoost",3,0.05,100,0.286088572790466,1.55977830089266,0.99573638428612
"Dataset 2 with Ref 1","1st_Der","Kernel_PCA","XGBoost",3,0.1,100,0.348869448630037,1.48961742569812,0.90495317408322
"Dataset 2 with Ref 1","2nd_Der","None","XGBoost",3,0.05,100,0.291086488748309,1.5543089020525,0.973550514866378
"Dataset 2 with Ref 1","2nd_Der","VIP","XGBoost",3,0.05,100,0.319154443710231,1.52322833963727,0.951413997741105
"Dataset 2 with Ref 1","2nd_Der","GA","XGBoost",3,0.05,100,0.232030790641715,1.6177544812015,1.02246558409326
"Dataset 2 with Ref 1","2nd_Der","PCA","XGBoost",3,0.05,100,0.244209341326609,1.60487594450228,1.04861336025963
"Dataset 2 with Ref 1","2nd_Der","Kernel_PCA","XGBoost",3,0.1,100,0.183031207792989,1.66856619676569,1.04885957590047
"Dataset 2 with Ref 1","EMSC","None","XGBoost",3,0.05,100,0.405898337933221,1.42288922685386,0.863032600146569
"Dataset 2 with Ref 1","EMSC","VIP","XGBoost",3,0.05,100,0.332588985000934,1.50812518498123,0.917771071355837
"Dataset 2 with Ref 1","EMSC","GA","XGBoost",3,0.05,100,0.372167877275475,1.46272429125315,0.883588792230287
"Dataset 2 with Ref 1","EMSC","PCA","XGBoost",3,0.05,100,0.201788568407083,1.64930007658146,1.01635591399579
"Dataset 2 with Ref 1","EMSC","Kernel_PCA","XGBoost",3,0.1,200,0.305833958447878,1.53805685496085,0.99130284213482
"Dataset 2 with Ref 1","RNV","None","XGBoost",3,0.05,100,0.106349837345121,1.74511670943439,1.13207601720021
"Dataset 2 with Ref 1","RNV","VIP","XGBoost",3,0.05,100,0.155194920858511,1.69675432803646,1.05334815032434
"Dataset 2 with Ref 1","RNV","GA","XGBoost",3,0.1,200,0.13135196310748,1.72053150217596,1.12055343566996
"Dataset 2 with Ref 1","RNV","PCA","XGBoost",3,0.1,100,0.293455746539276,1.55170940265192,1.07067178600915
"Dataset 2 with Ref 1","RNV","Kernel_PCA","XGBoost",3,0.05,100,-0.183167063826356,2.0080001610514,1.17482744689671
"Dataset 2 with Ref 2","Raw","None","XGBoost",3,0.05,100,-0.291320832944343,2.09205438507033,1.12199299429586
"Dataset 2 with Ref 2","Raw","VIP","XGBoost",3,0.05,100,-0.0539442655878535,1.89001266368731,0.981497541695471
"Dataset 2 with Ref 2","Raw","GA","XGBoost",3,0.05,100,-0.202487601193152,2.01881347570859,1.07106899133508
"Dataset 2 with Ref 2","Raw","PCA","XGBoost",3,0.1,200,0.152648365531767,1.69468009026607,0.871275668032062
"Dataset 2 with Ref 2","Raw","Kernel_PCA","XGBoost",3,0.1,100,0.124335727672395,1.72275971140202,0.920975591663837
"Dataset 2 with Ref 2","SNV","None","XGBoost",3,0.05,100,0.198407535263225,1.64828651083682,0.812432207402712
"Dataset 2 with Ref 2","SNV","VIP","XGBoost",3,0.1,100,0.246682046191251,1.59788327313977,0.7384313159586
"Dataset 2 with Ref 2","SNV","GA","XGBoost",3,0.05,100,0.190799307119945,1.65609030388668,0.796030544153185
"Dataset 2 with Ref 2","SNV","PCA","XGBoost",3,0.05,100,-0.10959020522917,1.93926517561794,0.950472495921103
"Dataset 2 with Ref 2","SNV","Kernel_PCA","XGBoost",3,0.05,100,0.15441484970719,1.69291270865006,0.835184729943672
"Dataset 2 with Ref 2","1st_Der","None","XGBoost",3,0.05,100,0.18396357960333,1.66307050974859,0.835621046764012
"Dataset 2 with Ref 2","1st_Der","VIP","XGBoost",3,0.05,100,0.185053440299705,1.6619595784709,0.8190303255189
"Dataset 2 with Ref 2","1st_Der","GA","XGBoost",3,0.05,100,0.170585396926148,1.67664736300776,0.85282614424113
"Dataset 2 with Ref 2","1st_Der","PCA","XGBoost",3,0.05,100,0.0630672402544779,1.78200986377752,0.92086196324859
"Dataset 2 with Ref 2","1st_Der","Kernel_PCA","XGBoost",3,0.05,100,0.175165217134835,1.67201194132605,0.809538443418156
"Dataset 2 with Ref 2","2nd_Der","None","XGBoost",3,0.05,100,-0.12908450072924,1.95622639451282,1.00905374075527
"Dataset 2 with Ref 2","2nd_Der","VIP","XGBoost",6,0.05,100,0.0279493039842226,1.81509913268267,0.861992663517386
"Dataset 2 with Ref 2","2nd_Der","GA","XGBoost",3,0.1,100,0.0388868101978693,1.80485850427597,0.923438502378153
"Dataset 2 with Ref 2","2nd_Der","PCA","XGBoost",3,0.05,100,0.235024755720659,1.61019910890554,0.807642131619539
"Dataset 2 with Ref 2","2nd_Der","Kernel_PCA","XGBoost",3,0.05,100,0.0504444435100784,1.7939737384091,0.86434476698394
"Dataset 2 with Ref 2","EMSC","None","XGBoost",3,0.1,100,0.348484049479159,1.48599866000714,0.793733227943702
"Dataset 2 with Ref 2","EMSC","VIP","XGBoost",3,0.05,100,0.172636469998764,1.67457297528718,0.847015311918309
"Dataset 2 with Ref 2","EMSC","GA","XGBoost",3,0.05,100,0.237683971146365,1.60739797645677,0.783142463693992
"Dataset 2 with Ref 2","EMSC","PCA","XGBoost",3,0.05,100,-0.0444941481546943,1.88152025108566,0.978420651635824
"Dataset 2 with Ref 2","EMSC","Kernel_PCA","XGBoost",3,0.05,100,-0.0294706605326811,1.86793981192277,0.977284955893459
"Dataset 2 with Ref 2","RNV","None","XGBoost",3,0.05,100,-0.206573632619486,2.02224051302026,1.06055921922917
"Dataset 2 with Ref 2","RNV","VIP","XGBoost",3,0.05,100,-0.00840665239006189,1.84873108022317,0.939308939408622
"Dataset 2 with Ref 2","RNV","GA","XGBoost",3,0.1,100,0.122018113300199,1.72503801281593,0.905141204113628
"Dataset 2 with Ref 2","RNV","PCA","XGBoost",3,0.1,100,0.0527155719007745,1.79182705841028,0.941209288400539
"Dataset 2 with Ref 2","RNV","Kernel_PCA","XGBoost",3,0.05,100,-0.333847492825695,2.12622382319195,1.16055440317412
"Dataset 2 with Ref 3","Raw","None","XGBoost",3,0.05,100,0.387522696336885,0.164930559064247,0.120827283423917
"Dataset 2 with Ref 3","Raw","VIP","XGBoost",3,0.1,100,0.411100413711156,0.161724849547925,0.121610342532788
"Dataset 2 with Ref 3","Raw","GA","XGBoost",3,0.1,200,0.374054947617116,0.166734025926966,0.119776264681401
"Dataset 2 with Ref 3","Raw","PCA","XGBoost",3,0.1,200,0.486307751093719,0.151045446573573,0.110302691640681
"Dataset 2 with Ref 3","Raw","Kernel_PCA","XGBoost",3,0.05,100,0.41560615145553,0.161104973973501,0.114786755627166
"Dataset 2 with Ref 3","SNV","None","XGBoost",3,0.05,100,0.611338036383669,0.131383900638173,0.0897106959932694
"Dataset 2 with Ref 3","SNV","VIP","XGBoost",3,0.05,100,0.646526951533512,0.125295156778531,0.0859391173523883
"Dataset 2 with Ref 3","SNV","GA","XGBoost",3,0.05,100,0.669232499650578,0.121204165792364,0.0816724849355124
"Dataset 2 with Ref 3","SNV","PCA","XGBoost",3,0.05,100,0.638661562779556,0.126681504389185,0.0922468419273239
"Dataset 2 with Ref 3","SNV","Kernel_PCA","XGBoost",3,0.05,100,0.552272970518407,0.141014180560918,0.0967392939501663
"Dataset 2 with Ref 3","1st_Der","None","XGBoost",3,0.05,100,0.496545901433223,0.149532664344084,0.109464870531896
"Dataset 2 with Ref 3","1st_Der","VIP","XGBoost",3,0.05,100,0.512901184019401,0.147083741249755,0.1058572268572
"Dataset 2 with Ref 3","1st_Der","GA","XGBoost",3,0.05,100,0.438905645157815,0.15786072056166,0.113451519823178
"Dataset 2 with Ref 3","1st_Der","PCA","XGBoost",3,0.05,100,0.55625016542715,0.140386463329904,0.100925242339103
"Dataset 2 with Ref 3","1st_Der","Kernel_PCA","XGBoost",3,0.1,100,0.541768765281328,0.142658770143198,0.100392270469115
"Dataset 2 with Ref 3","2nd_Der","None","XGBoost",3,0.05,100,0.543781433434073,0.142345128561008,0.0993874826533048
"Dataset 2 with Ref 3","2nd_Der","VIP","XGBoost",3,0.05,100,0.563267689635351,0.139271993734707,0.0968162610969819
"Dataset 2 with Ref 3","2nd_Der","GA","XGBoost",3,0.05,100,0.0484254747022921,0.205578425093057,0.142946262524601
"Dataset 2 with Ref 3","2nd_Der","PCA","XGBoost",3,0.1,100,0.553053536940244,0.140891205016306,0.096225443651912
"Dataset 2 with Ref 3","2nd_Der","Kernel_PCA","XGBoost",3,0.05,100,0.60633954880338,0.132226049915023,0.0917482967214161
"Dataset 2 with Ref 3","EMSC","None","XGBoost",3,0.05,100,0.567652924623276,0.138571013678881,0.0983665383116564
"Dataset 2 with Ref 3","EMSC","VIP","XGBoost",3,0.05,100,0.634911310762946,0.127337207141786,0.0910576536014086
"Dataset 2 with Ref 3","EMSC","GA","XGBoost",3,0.05,100,0.525307684702304,0.1451985340633,0.10012385555525
"Dataset 2 with Ref 3","EMSC","PCA","XGBoost",3,0.05,100,0.460618789603675,0.154776149429496,0.107909945306611
"Dataset 2 with Ref 3","EMSC","Kernel_PCA","XGBoost",3,0.05,100,0.542554207002052,0.142536453943287,0.0983754228053619
"Dataset 2 with Ref 3","RNV","None","XGBoost",3,0.05,100,0.392448656184995,0.164265978139574,0.117560804243617
"Dataset 2 with Ref 3","RNV","VIP","XGBoost",3,0.05,200,0.397078998837281,0.163638819192299,0.121579849181249
"Dataset 2 with Ref 3","RNV","GA","XGBoost",3,0.05,100,0.328734410296619,0.172664606686823,0.1243093816298
"Dataset 2 with Ref 3","RNV","PCA","XGBoost",3,0.05,100,0.480715538515048,0.151865384794856,0.110627772434303
"Dataset 2 with Ref 3","RNV","Kernel_PCA","XGBoost",3,0.05,100,0.190621274892687,0.18959724546545,0.130334427428513
"Dataset 2 with Ref 4","Raw","None","XGBoost",3,0.05,100,0.405924139160967,0.140733899579862,0.102251307709394
"Dataset 2 with Ref 4","Raw","VIP","XGBoost",3,0.05,100,0.403427183221512,0.141029348271833,0.10186097692327
"Dataset 2 with Ref 4","Raw","GA","XGBoost",3,0.05,100,0.414276133320826,0.139741122990225,0.102210481190718
"Dataset 2 with Ref 4","Raw","PCA","XGBoost",3,0.1,200,0.552752985257416,0.12211007384506,0.0919884309265473
"Dataset 2 with Ref 4","Raw","Kernel_PCA","XGBoost",3,0.05,100,0.442202231890918,0.136369156670727,0.0967526852127332
"Dataset 2 with Ref 4","SNV","None","XGBoost",3,0.05,100,0.641790027866621,0.109281489205033,0.0757069804891744
"Dataset 2 with Ref 4","SNV","VIP","XGBoost",3,0.05,100,0.666784011362461,0.105400017893545,0.0721344226179537
"Dataset 2 with Ref 4","SNV","GA","XGBoost",3,0.05,100,0.584159968598303,0.117744577626455,0.0813554829731692
"Dataset 2 with Ref 4","SNV","PCA","XGBoost",3,0.1,100,0.612109483087931,0.113718821345771,0.080182387490704
"Dataset 2 with Ref 4","SNV","Kernel_PCA","XGBoost",3,0.05,100,0.568814777688242,0.119897382693477,0.0815362771553103
"Dataset 2 with Ref 4","1st_Der","None","XGBoost",3,0.05,100,0.527370996224587,0.125527232305843,0.0904480044881092
"Dataset 2 with Ref 4","1st_Der","VIP","XGBoost",3,0.05,100,0.517076078659064,0.126886999542457,0.0896875702481102
"Dataset 2 with Ref 4","1st_Der","GA","XGBoost",3,0.05,100,0.386065899713595,0.143066728699581,0.101428560514923
"Dataset 2 with Ref 4","1st_Der","PCA","XGBoost",3,0.05,100,0.591427824079531,0.116711100031172,0.0860451928170091
"Dataset 2 with Ref 4","1st_Der","Kernel_PCA","XGBoost",3,0.05,200,0.556246293687886,0.121632256941551,0.0882609958759135
"Dataset 2 with Ref 4","2nd_Der","None","XGBoost",3,0.05,100,0.526780979333568,0.12560556021903,0.0892492993370787
"Dataset 2 with Ref 4","2nd_Der","VIP","XGBoost",3,0.1,100,0.574280125951598,0.11913509930183,0.0846916700942906
"Dataset 2 with Ref 4","2nd_Der","GA","XGBoost",3,0.05,100,0.518854175244412,0.126653189007109,0.0895069040382478
"Dataset 2 with Ref 4","2nd_Der","PCA","XGBoost",3,0.05,100,0.568826194913825,0.119895795319356,0.0811848129807771
"Dataset 2 with Ref 4","2nd_Der","Kernel_PCA","XGBoost",3,0.05,100,0.602697612183934,0.115090203044975,0.0831953730447107
"Dataset 2 with Ref 4","EMSC","None","XGBoost",3,0.05,100,0.584878487514168,0.117642809786974,0.081624821008746
"Dataset 2 with Ref 4","EMSC","VIP","XGBoost",3,0.05,100,0.625496141739063,0.111739292396229,0.0783355575693022
"Dataset 2 with Ref 4","EMSC","GA","XGBoost",3,0.05,100,0.560419516650785,0.121058968678172,0.0848396740928692
"Dataset 2 with Ref 4","EMSC","PCA","XGBoost",3,0.05,100,0.45005725573496,0.135405562889044,0.0953622104183629
"Dataset 2 with Ref 4","EMSC","Kernel_PCA","XGBoost",3,0.05,100,0.551251114765103,0.122314926877329,0.0847230158865694
"Dataset 2 with Ref 4","RNV","None","XGBoost",3,0.05,100,0.387524826532872,0.142896638753821,0.102221425793529
"Dataset 2 with Ref 4","RNV","VIP","XGBoost",3,0.1,100,0.40552819460098,0.140780790510851,0.102142049171955
"Dataset 2 with Ref 4","RNV","GA","XGBoost",3,0.05,100,0.477917797883995,0.131931108910197,0.0961939350229682
"Dataset 2 with Ref 4","RNV","PCA","XGBoost",3,0.05,100,0.503461828056427,0.128663123138991,0.0957190213830832
"Dataset 2 with Ref 4","RNV","Kernel_PCA","XGBoost",3,0.05,100,0.137788705317431,0.169544857832218,0.116057239735476
"Dataset 3 with Ref 1","Raw","None","XGBoost",6,0.05,100,0.159574733816582,1.69235028042748,1.10818872551647
"Dataset 3 with Ref 1","Raw","VIP","XGBoost",3,0.1,200,0.150940481385347,1.70102139104664,1.09419277847754
"Dataset 3 with Ref 1","Raw","GA","XGBoost",3,0.05,100,0.130781864776114,1.7210960065619,1.10356772830866
"Dataset 3 with Ref 1","Raw","PCA","XGBoost",3,0.05,200,0.111307215170988,1.74026960347662,1.17029184442651
"Dataset 3 with Ref 1","Raw","Kernel_PCA","XGBoost",3,0.05,100,0.167684164133723,1.68416557661609,1.09790923574837
"Dataset 3 with Ref 1","SNV","None","XGBoost",3,0.05,100,0.336726802031324,1.5034428765812,0.94208127596836
"Dataset 3 with Ref 1","SNV","VIP","XGBoost",3,0.05,100,0.327258017308162,1.5141363054011,0.954116673195953
"Dataset 3 with Ref 1","SNV","GA","XGBoost",3,0.05,100,0.291330489305045,1.5540413906631,0.964446740239444
"Dataset 3 with Ref 1","SNV","PCA","XGBoost",3,0.1,200,0.199962258435281,1.65118580013989,0.993630826919395
"Dataset 3 with Ref 1","SNV","Kernel_PCA","XGBoost",3,0.05,100,0.335625971539551,1.50468998683857,0.896452307014487
"Dataset 3 with Ref 1","1st_Der","None","XGBoost",3,0.05,100,0.315548012798671,1.52725727268949,0.926125568117188
"Dataset 3 with Ref 1","1st_Der","VIP","XGBoost",3,0.05,100,0.362948046720406,1.47342533577588,0.876422810894333
"Dataset 3 with Ref 1","1st_Der","GA","XGBoost",3,0.1,100,0.318169059985107,1.52433022075413,0.959858563161293
"Dataset 3 with Ref 1","1st_Der","PCA","XGBoost",3,0.1,200,0.296089321768529,1.54881477957057,0.971135800754954
"Dataset 3 with Ref 1","1st_Der","Kernel_PCA","XGBoost",3,0.05,100,0.362371604809033,1.47409180580651,0.881887095873842
"Dataset 3 with Ref 1","2nd_Der","None","XGBoost",3,0.1,100,0.317677354086446,1.52487976099595,0.956582548263524
"Dataset 3 with Ref 1","2nd_Der","VIP","XGBoost",3,0.05,100,0.475319351496048,1.33717494605423,0.849152759239639
"Dataset 3 with Ref 1","2nd_Der","GA","XGBoost",3,0.05,100,0.0664546165815119,1.78364501885479,1.18814215000664
"Dataset 3 with Ref 1","2nd_Der","PCA","XGBoost",3,0.1,100,0.526192648642289,1.27069583050346,0.815520745405805
"Dataset 3 with Ref 1","2nd_Der","Kernel_PCA","XGBoost",3,0.05,100,0.243705876067722,1.60541039458941,1.00582543887492
"Dataset 3 with Ref 1","EMSC","None","XGBoost",3,0.05,100,0.261699474392432,1.58619762881435,0.920168213587331
"Dataset 3 with Ref 1","EMSC","VIP","XGBoost",3,0.05,100,0.211407729546516,1.63933218507905,0.957538245529402
"Dataset 3 with Ref 1","EMSC","GA","XGBoost",3,0.05,100,0.396054629933152,1.43462876910909,0.858141982177999
"Dataset 3 with Ref 1","EMSC","PCA","XGBoost",3,0.05,100,0.20821651427334,1.64264579859886,1.01677615739291
"Dataset 3 with Ref 1","EMSC","Kernel_PCA","XGBoost",3,0.05,100,0.257007900719085,1.59122944032836,0.973958932052428
"Dataset 3 with Ref 1","RNV","None","XGBoost",3,0.05,100,0.188771330035545,1.66269408938187,1.05883699329922
"Dataset 3 with Ref 1","RNV","VIP","XGBoost",3,0.1,200,0.168379999644327,1.6834614285029,1.09168238536228
"Dataset 3 with Ref 1","RNV","GA","XGBoost",6,0.05,100,0.185581412997227,1.66595990866664,1.0654219889036
"Dataset 3 with Ref 1","RNV","PCA","XGBoost",3,0.05,100,0.122147401185056,1.72962322039836,1.09606861443079
"Dataset 3 with Ref 1","RNV","Kernel_PCA","XGBoost",3,0.05,100,-0.117031587249335,1.95107262110017,1.29324010370098
"Dataset 3 with Ref 2","Raw","None","XGBoost",3,0.05,200,0.0469594541153181,1.79726277901509,0.917659421135053
"Dataset 3 with Ref 2","Raw","VIP","XGBoost",3,0.05,100,-0.00654522650448852,1.84702399835441,0.979690965672989
"Dataset 3 with Ref 2","Raw","GA","XGBoost",3,0.05,100,-0.0257144715796493,1.86452895869779,0.993280659107037
"Dataset 3 with Ref 2","Raw","PCA","XGBoost",3,0.1,100,-0.136921664450771,1.96300390064044,1.05548953455325
"Dataset 3 with Ref 2","Raw","Kernel_PCA","XGBoost",3,0.05,100,-0.10869960212117,1.93848675206693,1.06397133484899
"Dataset 3 with Ref 2","SNV","None","XGBoost",3,0.05,100,0.113949746991764,1.73294615355608,0.882672592289455
"Dataset 3 with Ref 2","SNV","VIP","XGBoost",3,0.05,100,0.0801378932127306,1.76570137751185,0.87192024470348
"Dataset 3 with Ref 2","SNV","GA","XGBoost",3,0.05,100,-0.0307424643938952,1.86909327840375,0.90054070433589
"Dataset 3 with Ref 2","SNV","PCA","XGBoost",3,0.1,200,0.0391747182675741,1.80458815513586,0.913388039793039
"Dataset 3 with Ref 2","SNV","Kernel_PCA","XGBoost",3,0.05,200,0.315153548235257,1.52353521329965,0.766949739261174
"Dataset 3 with Ref 2","1st_Der","None","XGBoost",3,0.05,100,0.216894718941241,1.62916836287817,0.793945762585086
"Dataset 3 with Ref 2","1st_Der","VIP","XGBoost",3,0.05,100,0.264988193674426,1.57834903486337,0.754901278836555
"Dataset 3 with Ref 2","1st_Der","GA","XGBoost",3,0.1,100,0.236677481312462,1.60845875440587,0.83549564739906
"Dataset 3 with Ref 2","1st_Der","PCA","XGBoost",3,0.1,100,0.135190377907557,1.7120488331631,0.880346468267445
"Dataset 3 with Ref 2","1st_Der","Kernel_PCA","XGBoost",3,0.05,100,0.118858524356505,1.7281391680488,0.837732172487588
"Dataset 3 with Ref 2","2nd_Der","None","XGBoost",3,0.05,100,-0.0982231547638439,1.92930633132383,1.02080356846537
"Dataset 3 with Ref 2","2nd_Der","VIP","XGBoost",3,0.05,200,0.129061350714276,1.71810488728946,0.852914817448362
"Dataset 3 with Ref 2","2nd_Der","GA","XGBoost",3,0.05,100,0.0118381705233287,1.83007938320224,0.954533590386881
"Dataset 3 with Ref 2","2nd_Der","PCA","XGBoost",3,0.05,100,0.14190962621455,1.70538487326542,0.834422677168312
"Dataset 3 with Ref 2","2nd_Der","Kernel_PCA","XGBoost",3,0.05,100,0.000305752116084634,1.84072744694908,0.926735686767537
"Dataset 3 with Ref 2","EMSC","None","XGBoost",3,0.05,100,0.134542657385694,1.71268985378377,0.787736862195756
"Dataset 3 with Ref 2","EMSC","VIP","XGBoost",3,0.05,100,-0.0247435447483981,1.86364628137734,0.906831779328582
"Dataset 3 with Ref 2","EMSC","GA","XGBoost",3,0.1,100,0.0837481667893327,1.76223295974348,0.852319228338528
"Dataset 3 with Ref 2","EMSC","PCA","XGBoost",3,0.05,100,0.0796908720331656,1.76613036031055,0.876381199804897
"Dataset 3 with Ref 2","EMSC","Kernel_PCA","XGBoost",3,0.05,100,0.0608710377028787,1.7840971874504,0.921208367030824
"Dataset 3 with Ref 2","RNV","None","XGBoost",3,0.1,100,-0.0869818880898769,1.91940687180984,1.01261350196143
"Dataset 3 with Ref 2","RNV","VIP","XGBoost",3,0.05,100,0.0317685080443715,1.81152984528224,0.942912976994332
"Dataset 3 with Ref 2","RNV","GA","XGBoost",3,0.1,100,-0.0762854083955808,1.90993953125661,0.996025535435798
"Dataset 3 with Ref 2","RNV","PCA","XGBoost",3,0.05,100,0.0397610961113325,1.8040374140036,0.956837090005082
"Dataset 3 with Ref 2","RNV","Kernel_PCA","XGBoost",3,0.1,100,-0.224979756827413,2.03760664106727,1.08806283658788
"Dataset 3 with Ref 3","Raw","None","XGBoost",3,0.1,100,0.376119539407846,0.166458824434544,0.117173928907301
"Dataset 3 with Ref 3","Raw","VIP","XGBoost",3,0.05,200,0.348410335372524,0.17011524097101,0.121825940858002
"Dataset 3 with Ref 3","Raw","GA","XGBoost",3,0.05,100,0.373027346596794,0.166870831699663,0.1203990020079
"Dataset 3 with Ref 3","Raw","PCA","XGBoost",3,0.05,100,0.457414975713795,0.15523513817359,0.111619513623588
"Dataset 3 with Ref 3","Raw","Kernel_PCA","XGBoost",3,0.05,100,0.414898720116373,0.161202456379537,0.11722674422055
"Dataset 3 with Ref 3","SNV","None","XGBoost",3,0.05,100,0.625623991228978,0.128946671494713,0.0875156676110506
"Dataset 3 with Ref 3","SNV","VIP","XGBoost",3,0.05,100,0.589246609880987,0.135066208709609,0.0909777052446859
"Dataset 3 with Ref 3","SNV","GA","XGBoost",3,0.05,100,0.662926559962939,0.122354063655063,0.0856310101258939
"Dataset 3 with Ref 3","SNV","PCA","XGBoost",3,0.1,200,0.434325191019281,0.158503753312671,0.109109256511954
"Dataset 3 with Ref 3","SNV","Kernel_PCA","XGBoost",3,0.05,100,0.480385236608769,0.151913675718031,0.1048453835823
"Dataset 3 with Ref 3","1st_Der","None","XGBoost",6,0.05,100,0.52328336070233,0.145507804057239,0.103888897532241
"Dataset 3 with Ref 3","1st_Der","VIP","XGBoost",6,0.05,100,0.536260374360194,0.143513658156015,0.102990682911079
"Dataset 3 with Ref 3","1st_Der","GA","XGBoost",3,0.05,100,0.582533045130735,0.136165530749558,0.099821847429717
"Dataset 3 with Ref 3","1st_Der","PCA","XGBoost",3,0.1,200,0.522245558185973,0.145666101729854,0.104782648695374
"Dataset 3 with Ref 3","1st_Der","Kernel_PCA","XGBoost",3,0.05,100,0.553251816632801,0.140859949635493,0.0986617359578898
"Dataset 3 with Ref 3","2nd_Der","None","XGBoost",3,0.1,100,0.549020751582716,0.141525406322591,0.10072857316177
"Dataset 3 with Ref 3","2nd_Der","VIP","XGBoost",3,0.05,100,0.587940007873593,0.135280860204859,0.093920357985157
"Dataset 3 with Ref 3","2nd_Der","GA","XGBoost",3,0.1,100,0.468092578806272,0.1537001021052,0.112009026354386
"Dataset 3 with Ref 3","2nd_Der","PCA","XGBoost",3,0.1,100,0.611750291059118,0.131314202542034,0.0906127991342043
"Dataset 3 with Ref 3","2nd_Der","Kernel_PCA","XGBoost",3,0.05,100,0.528503987495578,0.144708867021223,0.100731030189842
"Dataset 3 with Ref 3","EMSC","None","XGBoost",3,0.05,100,0.668550498435105,0.121329055364063,0.0854402688610695
"Dataset 3 with Ref 3","EMSC","VIP","XGBoost",3,0.05,100,0.631151384169043,0.127991229270463,0.0890683777099777
"Dataset 3 with Ref 3","EMSC","GA","XGBoost",3,0.05,100,0.658622499507514,0.123132749816505,0.0865705960173973
"Dataset 3 with Ref 3","EMSC","PCA","XGBoost",3,0.1,100,0.518983221217136,0.146162594678368,0.102028184522745
"Dataset 3 with Ref 3","EMSC","Kernel_PCA","XGBoost",3,0.05,100,0.558276836961248,0.140065513518853,0.0919493274173874
"Dataset 3 with Ref 3","RNV","None","XGBoost",3,0.05,100,0.408922561005616,0.162023616836943,0.115457315229726
"Dataset 3 with Ref 3","RNV","VIP","XGBoost",3,0.1,200,0.360644674978073,0.168510619227863,0.120894360036006
"Dataset 3 with Ref 3","RNV","GA","XGBoost",6,0.05,100,0.354341156917304,0.169339269892706,0.121565065948937
"Dataset 3 with Ref 3","RNV","PCA","XGBoost",3,0.05,100,0.373320753170999,0.166831781568648,0.119303064965883
"Dataset 3 with Ref 3","RNV","Kernel_PCA","XGBoost",3,0.05,100,0.225890737341752,0.18542029308684,0.13245401564763
"Dataset 3 with Ref 4","Raw","None","XGBoost",3,0.05,200,0.391955123856503,0.142378884232099,0.102337802351748
"Dataset 3 with Ref 4","Raw","VIP","XGBoost",3,0.05,100,0.342894202622667,0.148011485727426,0.105997638819059
"Dataset 3 with Ref 4","Raw","GA","XGBoost",3,0.05,100,0.300839246908551,0.152674423720732,0.109979558121148
"Dataset 3 with Ref 4","Raw","PCA","XGBoost",3,0.05,100,0.425505665222001,0.138395077700578,0.100800624205886
"Dataset 3 with Ref 4","Raw","Kernel_PCA","XGBoost",6,0.05,100,0.438391260867643,0.136834212543502,0.0979138925788357
"Dataset 3 with Ref 4","SNV","None","XGBoost",3,0.05,100,0.608748442001318,0.114210441041555,0.0777149185700247
"Dataset 3 with Ref 4","SNV","VIP","XGBoost",3,0.1,100,0.587187476703368,0.117315177099418,0.0802745096142609
"Dataset 3 with Ref 4","SNV","GA","XGBoost",3,0.05,100,0.63510806784516,0.110296034700166,0.0768731272402289
"Dataset 3 with Ref 4","SNV","PCA","XGBoost",3,0.05,200,0.504242363261581,0.128561957105597,0.0876935724860814
"Dataset 3 with Ref 4","SNV","Kernel_PCA","XGBoost",3,0.1,200,0.490673849831165,0.130309403251671,0.0892760071148244
"Dataset 3 with Ref 4","1st_Der","None","XGBoost",3,0.05,100,0.550164008385504,0.122462992876642,0.0862512124561747
"Dataset 3 with Ref 4","1st_Der","VIP","XGBoost",3,0.05,100,0.528494919227086,0.125377890097445,0.0882719963561103
"Dataset 3 with Ref 4","1st_Der","GA","XGBoost",3,0.05,100,0.492894970039654,0.130024959692631,0.0955146582971639
"Dataset 3 with Ref 4","1st_Der","PCA","XGBoost",3,0.1,100,0.506500912590461,0.128268774548257,0.090922564441781
"Dataset 3 with Ref 4","1st_Der","Kernel_PCA","XGBoost",3,0.05,100,0.570259612464863,0.119696335369583,0.0847279740259463
"Dataset 3 with Ref 4","2nd_Der","None","XGBoost",3,0.05,100,0.541948682983798,0.123576200094599,0.0890501351481911
"Dataset 3 with Ref 4","2nd_Der","VIP","XGBoost",3,0.05,100,0.587145415144428,0.117321153581805,0.0848999375853651
"Dataset 3 with Ref 4","2nd_Der","GA","XGBoost",3,0.1,100,0.451495989743985,0.135228326101972,0.0957658503185871
"Dataset 3 with Ref 4","2nd_Der","PCA","XGBoost",3,0.05,100,0.613069923422629,0.113577946755109,0.0797809155424386
"Dataset 3 with Ref 4","2nd_Der","Kernel_PCA","XGBoost",3,0.05,100,0.517395673601398,0.126845006225243,0.0884405277748267
"Dataset 3 with Ref 4","EMSC","None","XGBoost",3,0.05,100,0.643374816046734,0.109039480320764,0.0756181028725765
"Dataset 3 with Ref 4","EMSC","VIP","XGBoost",3,0.05,100,0.622737257834156,0.112150116024713,0.0764039265865498
"Dataset 3 with Ref 4","EMSC","GA","XGBoost",3,0.05,100,0.595461976709764,0.116133480688054,0.080565694328969
"Dataset 3 with Ref 4","EMSC","PCA","XGBoost",3,0.05,100,0.530234846740882,0.125146344275188,0.0876871959737998
"Dataset 3 with Ref 4","EMSC","Kernel_PCA","XGBoost",3,0.05,100,0.523617210492114,0.126024737128231,0.0863734801840457
"Dataset 3 with Ref 4","RNV","None","XGBoost",3,0.05,100,0.37328544466562,0.144548190454967,0.106129663508441
"Dataset 3 with Ref 4","RNV","VIP","XGBoost",3,0.05,100,0.347444798298356,0.147498090025285,0.105520631975391
"Dataset 3 with Ref 4","RNV","GA","XGBoost",3,0.05,200,0.452388146275896,0.135118305090157,0.0970713973185928
"Dataset 3 with Ref 4","RNV","PCA","XGBoost",3,0.05,100,0.395270862090884,0.141990149385989,0.101692409943623
"Dataset 3 with Ref 4","RNV","Kernel_PCA","XGBoost",3,0.05,100,0.2025111523621,0.163057236600016,0.116784034999123
